id,name,gene-id,gene-symbol,gene-name,entrez-id,chromosome,plane-of-section,specimen-id,fold-change,target-sum,contrast-sum,num-target-samples,num-contrast-samples
322962,RP_040609_01_F07,84446,Iffo2,intermediate filament family orphan 2,212632,4,coronal,n/a,3.444,1674.519,7829.876,108,1739
73788032,RP_051213_01_A07,43248,Nts,neurotensin,67405,10,coronal,n/a,3.046,1180.886,7297.173,108,2033
71717079,RP_050503_03_A07,16143,Irs4,insulin receptor substrate 4,16370,X,coronal,n/a,3.023,1010.037,6290.307,108,2033
75041431,RP_060412_04_B01,53708,Six3os1,Six3 opposite strand transcript 1,100043902,17,coronal,n/a,2.589,810.443,5786.196,101,1867
79591687,RP_071204_04_H02,106909,Auts2,autism susceptibility candidate 2,319974,5,coronal,n/a,2.091,621.849,5882.115,82,1622
79556712,RP_071204_01_D11,40873,Ngb,neuroglobin,64242,12,coronal,n/a,2.069,850.775,7731.395,108,2031
275874,RP_040604_02_F08,35638,Copz2,"coatomer protein complex, subunit zeta 2",56358,11,coronal,n/a,1.857,1297.540,13566.208,95,1844
74881286,RP_060315_01_A07,18385,Penk,preproenkephalin,18619,4,coronal,n/a,1.742,1428.140,15430.171,108,2033
293463,RP_040604_02_F11,32197,Anapc16,anaphase promoting complex subunit 16,52717,10,coronal,n/a,1.691,1316.295,14391.915,107,1978
79591569,RP_071204_04_B11,36525,Gabrq,"gamma-aminobutyric acid (GABA) A receptor, subunit theta",57249,X,coronal,n/a,1.608,1108.389,12088.510,108,1894
75041464,RP_060412_04_B10,16751,Lrrn3,"leucine rich repeat protein 3, neuronal",16981,12,coronal,n/a,1.592,906.087,10462.828,108,1985
74750043,RP_060220_05_F03,87020,Zkscan16,zinc finger with KRAB and SCAN domains 16,100041581,4,coronal,n/a,1.585,1005.108,12611.574,95,1889
71717082,RP_050505_01_C12,17063,Mest,mesoderm specific transcript,17294,6,coronal,n/a,1.579,1230.353,14669.654,108,2033
293038,RP_040609_01_F01,42902,Ola1,Obg-like ATPase 1,67059,2,coronal,n/a,1.574,948.238,10566.650,108,1894
74743293,RP_060220_04_E11,19022,Ptpn5,"protein tyrosine phosphatase, non-receptor type 5",19259,7,coronal,n/a,1.565,1469.403,17673.369,108,2033
67870080,RP_041018_01_C04,62223,Gtf2f1,"general transcription factor IIF, polypeptide 1",98053,17,coronal,n/a,1.550,1024.899,14809.329,69,1545
74583117,RP_051214_02_F01,18030,Odc1,"ornithine decarboxylase, structural 1",18263,12,coronal,n/a,1.540,956.750,11691.342,108,2032
75042240,RP_051219_02_C02,17958,Nrxn3,neurexin III,18191,12,coronal,n/a,1.534,1373.049,16851.326,108,2033
79591675,RP_071204_04_G08,12584,Cnr1,cannabinoid receptor 1 (brain),12801,4,coronal,n/a,1.527,925.234,12112.565,95,1899
70231305,RP_050301_01_C09,13377,Ecel1,endothelin converting enzyme-like 1,13599,1,coronal,n/a,1.503,1830.752,18110.975,108,1606
71920521,RP_051017_02_H02,73364,Sobp,sine oculis-binding protein homolog (Drosophila),109205,10,coronal,n/a,1.499,817.464,9878.645,108,1956
75749751,RP_060518_02_E09,14581,Grik1,"glutamate receptor, ionotropic, kainate 1",14805,16,coronal,n/a,1.491,927.894,11096.502,108,1926
79591571,RP_071204_04_C02,27130,Magel2,"melanoma antigen, family L, 2",27385,7,coronal,n/a,1.486,896.703,13825.672,74,1695
906,RP_Baylor_103008,19777,Rpn2,ribophorin II,20014,2,coronal,n/a,1.482,763.986,9686.197,108,2029
71924504,RP_050630_03_D11,129674,LOC433088,LOC433088,433088,17,coronal,n/a,1.475,1153.912,13144.405,86,1445
356490,RP_040617_02_F05,19787,Sub1,SUB1 homolog (S. cerevisiae),20024,15,coronal,n/a,1.469,1176.092,12350.358,95,1465
73512423,RP_050825_01_H07,72233,Grm5,"glutamate receptor, metabotropic 5",108071,7,coronal,n/a,1.467,1018.590,13074.171,108,2033
73636095,RP_050926_01_G04,85498,Pcdh17,protocadherin 17,219228,14,coronal,n/a,1.466,1571.650,20187.029,108,2033
75934917,RP_060530_01_E09,42027,Rps4y2,"ribosomal protein S4, Y-linked 2",66184,6,coronal,n/a,1.465,764.704,14283.187,69,1888
79591669,RP_071018_02_B07,14193,Gad2,glutamic acid decarboxylase 2,14417,2,coronal,n/a,1.465,2225.276,23437.820,108,1666
75774115,RP_060530_01_B11,43806,Npc2,Niemann Pick type C2,67963,12,coronal,n/a,1.464,1174.792,15104.149,108,2033
74357549,RP_051121_01_D07,81989,Peg10,paternally expressed 10,170676,6,coronal,n/a,1.451,1305.316,16503.998,108,1981
544712,RP_040625_01_A07,42640,Cntnap2,contactin associated protein-like 2,66797,6,coronal,n/a,1.436,1125.547,24338.748,60,1863
356850,RP_040617_01_G10,18944,Psmc2,"proteasome (prosome, macropain) 26S subunit, ATPase 2",19181,5,coronal,n/a,1.436,2052.307,26911.598,108,2033
549,RP_040227_01_07,14890,Hap1,huntingtin-associated protein 1,15114,11,coronal,n/a,1.436,2284.642,29442.742,108,1998
234,RP_Baylor_102674,12339,Cdh13,cadherin 13,12554,8,coronal,n/a,1.434,767.041,10052.590,108,2029
74658019,RP_060220_04_C02,36074,Arl10,ADP-ribosylation factor-like 10,56795,13,coronal,n/a,1.428,757.088,10553.127,101,2011
75551465,RP_060523_02_B02,11224,Chrna1,"cholinergic receptor, nicotinic, alpha polypeptide 1 (muscle)",11435,2,coronal,n/a,1.427,1361.363,13729.873,108,1554
67936005,RP_041018_01_F01,30333,Rnf10,ring finger protein 10,50849,5,coronal,n/a,1.426,685.149,8674.793,86,1553
71587783,RP_050725_03_F07,17958,Nrxn3,neurexin III,18191,12,coronal,n/a,1.420,1760.173,23303.037,108,2031
293663,RP_040604_02_H02,84444,Prpsap2,phosphoribosyl pyrophosphate synthetase-associated protein 2,212627,11,coronal,n/a,1.416,671.529,11505.027,69,1674
79589522,RP_071204_02_F04,14581,Grik1,"glutamate receptor, ionotropic, kainate 1",14805,16,coronal,n/a,1.414,660.553,10623.362,86,1956
293664,RP_040604_02_H03,88021,C1qtnf5,C1q and tumor necrosis factor related protein 5,235312,9,coronal,n/a,1.407,1113.834,14901.529,108,2033
75749418,RP_060606_03_A02,14583,Grik3,"glutamate receptor, ionotropic, kainate 3",14807,4,coronal,n/a,1.402,848.654,10764.872,108,1921
777,RP_040315_01_19,29763,Pcsk1n,proprotein convertase subtilisin/kexin type 1 inhibitor,30052,X,coronal,n/a,1.402,2123.202,28508.311,108,2033
72128746,RP_051017_04_C02,49569,Psd,pleckstrin and Sec7 domain containing,73728,19,coronal,n/a,1.401,1230.546,16439.113,108,2022
72007935,RP_051017_01_B04,47884,Sulf2,sulfatase 2,72043,2,coronal,n/a,1.400,910.931,12442.685,105,2008
73512191,RP_050712_01_A04,136032,TC1410973,TIGR MGI TC1410973,0,n/a,coronal,n/a,1.398,1633.674,27482.600,82,1929
71924301,RP_050609_04_F09,52858,Col25a1,"collagen, type XXV, alpha 1",77018,3,coronal,n/a,1.396,1520.266,20495.699,108,2033
45668,RP_040324_01_H05,32320,Dbndd2,dysbindin (dystrobrevin binding protein 1) domain containing 2,52840,2,coronal,n/a,1.396,2466.310,37155.016,86,1808
71717078,RP_050503_01_F07,108984,Hapln4,hyaluronan and proteoglycan link protein 4,330790,8,coronal,n/a,1.393,825.232,11151.398,108,2033
70560278,RP_050331_01_A07,52047,Gpr165,G protein-coupled receptor 165,76206,X,coronal,n/a,1.390,1224.048,16571.004,108,2033
71836807,RP_051017_02_A12,68340,Sbk1,SH3-binding kinase 1,104175,7,coronal,n/a,1.388,850.588,11535.740,108,2033
71016617,RP_050725_03_A07,32937,Blcap,bladder cancer associated protein homolog (human),53619,2,coronal,n/a,1.372,1014.078,13915.922,108,2033
76097699,RP_060620_02_A04,46987,Golga7b,"golgi autoantigen, golgin subfamily a, 7B",71146,19,coronal,n/a,1.359,1095.429,13237.071,108,1774
71836887,RP_051017_02_F05,18247,Pak3,p21 protein (Cdc42/Rac)-activated kinase 3,18481,X,coronal,n/a,1.358,1703.048,21996.775,108,1894
797,RP_040324_01_A05,32808,Pgrmc1,progesterone receptor membrane component 1,53328,X,coronal,n/a,1.356,1143.572,15775.811,108,2020
356857,RP_040617_01_H06,18968,Ptbp1,polypyrimidine tract binding protein 1,19205,10,coronal,n/a,1.355,901.870,12531.417,108,2033
74581382,RP_051214_01_C07,82040,Znrf1,zinc and ring finger 1,170737,8,coronal,n/a,1.354,1015.112,15095.303,86,1731
74586669,RP_051214_01_B09,108965,Ctxn1,cortexin 1,330695,8,coronal,n/a,1.351,1297.502,18074.596,108,2033
75774667,RP_060530_01_C04,20673,Stxbp2,syntaxin binding protein 2,20911,8,coronal,n/a,1.346,823.926,11736.215,95,1822
74988757,RP_060315_05_H01,129895,LOC433311,LOC433311,433311,1,coronal,n/a,1.342,1198.995,12893.244,89,1284
45841,RP_040324_01_H08,52060,Arxes1,adipocyte-related X-chromosome expressed sequence 1,76219,X,coronal,n/a,1.339,987.865,13883.806,108,2033
75259440,RP_051214_02_B10,44819,Haghl,hydroxyacylglutathione hydrolase-like,68977,17,coronal,n/a,1.337,1303.527,20332.074,95,1981
74988737,RP_060315_04_B05,21161,Tcea2,"transcription elongation factor A (SII), 2",21400,2,coronal,n/a,1.331,1383.866,19574.521,108,2033
72129250,RP_051017_03_E10,52737,Ralyl,RALY RNA binding protein-like,76897,3,coronal,n/a,1.330,912.977,12917.934,108,2033
74641324,RP_060220_02_F01,54624,Celf3,"CUGBP, Elav-like family member 3",78784,3,coronal,n/a,1.325,989.152,14038.954,108,2031
79556666,RP_071204_01_B10,12343,Cdh2,cadherin 2,12558,18,coronal,n/a,1.324,917.337,13019.462,108,2029
72007561,RP_051017_01_A03,14890,Hap1,huntingtin-associated protein 1,15114,11,coronal,n/a,1.320,3463.265,49403.543,108,2033
71064051,RP_050725_03_C09,88875,Prosapip1,ProSAPiP1 protein,241638,2,coronal,n/a,1.319,785.448,11210.749,108,2033
655497,RP_040922_01_B10,17878,Nnat,neuronatin,18111,2,coronal,n/a,1.318,1589.992,39739.574,47,1548
73592534,RP_051017_01_E10,37655,Fxyd6,FXYD domain-containing ion transport regulator 6,59095,9,coronal,n/a,1.316,1476.439,21118.736,108,2033
75042248,RP_060412_02_C01,13227,Dok1,docking protein 1,13448,6,coronal,n/a,1.313,2023.875,36773.805,82,1957
61413,RP_040407_01_C10,14464,Gnb1,"guanine nucleotide binding protein (G protein), beta 1",14688,4,coronal,n/a,1.312,1168.527,24596.080,69,1906
71836748,RP_051017_02_A03,57199,Dnajb1,"DnaJ (Hsp40) homolog, subfamily B, member 1",81489,8,coronal,n/a,1.312,1219.932,16845.883,108,1956
73817987,RP_051214_01_B01,52740,Ssbp4,single stranded DNA binding protein 4,76900,8,coronal,n/a,1.308,1567.782,22560.803,108,2033
79912548,RP_080109_01_B02,86772,Nrsn2,neurensin 2,228777,2,coronal,n/a,1.308,1027.028,14727.595,108,2025
71717155,RP_050524_03_C10,89280,Olfm2,olfactomedin 2,244723,9,coronal,n/a,1.304,1461.119,21089.367,108,2033
71924087,RP_051017_02_H10,73834,Ank2,"ankyrin 2, brain",109676,3,coronal,n/a,1.301,2439.264,33920.172,108,1954
79556706,RP_071204_01_D08,14191,Gad1,glutamate decarboxylase 1,14415,2,coronal,n/a,1.297,2285.489,33181.598,108,2033
75081206,RP_060315_03_C11,144469,Baiap3,BAI1-associated protein 3,545192,17,coronal,n/a,1.296,1357.381,19716.936,108,2033
356090,RP_040617_02_C06,14163,Gaa,"glucosidase, alpha, acid",14387,11,coronal,n/a,1.289,5104.266,74524.594,108,2033
355883,RP_040617_01_F01,88223,Usp11,ubiquitin specific peptidase 11,236733,X,coronal,n/a,1.286,2498.848,34615.641,108,1924
199393,RP_040507_02_E12,21691,Tnfrsf11a,"tumor necrosis factor receptor superfamily, member 11a",21934,1,coronal,n/a,1.286,656.482,10667.096,73,1525
74819463,RP_060315_02_F05,27725,D4Wsu53e,"DNA segment, Chr 4, Wayne State University 53, expressed",27981,4,coronal,n/a,1.284,1797.875,24704.152,108,1905
71836892,RP_051017_02_F10,56654,Maged2,"melanoma antigen, family D, 2",80884,X,coronal,n/a,1.283,1643.349,24109.016,108,2033
323595,RP_040609_01_G11,43373,Uqcrb,ubiquinol-cytochrome c reductase binding protein,67530,13,coronal,n/a,1.281,1263.700,15889.479,108,1740
283,RP_Baylor_253893,12584,Cnr1,cannabinoid receptor 1 (brain),12801,4,coronal,n/a,1.281,1119.121,16398.428,108,2027
73931385,RP_051214_04_D12,29608,Cspg5,chondroitin sulfate proteoglycan 5,29873,9,coronal,n/a,1.281,1129.758,16322.870,95,1758
45666,RP_040324_01_H03,21953,Ube2i,ubiquitin-conjugating enzyme E2I,22196,17,coronal,n/a,1.279,672.895,11781.192,87,1948
73788105,RP_051213_01_A11,20324,Slit1,slit homolog 1 (Drosophila),20562,19,coronal,n/a,1.277,955.021,14078.070,108,2033
70928169,RP_050725_01_B09,64396,Stx12,syntaxin 12,100226,4,coronal,n/a,1.276,956.146,14105.442,108,2033
112647321,RP_110407_02_F01,14349,Gdnf,glial cell line derived neurotrophic factor,14573,15,coronal,n/a,1.274,2234.707,27316.602,108,1682
655502,RP_040922_01_C03,42846,Uqcrc2,ubiquinol cytochrome c reductase core protein 2,67003,7,coronal,n/a,1.274,1822.483,26933.248,108,2033
74988738,RP_060315_04_B06,21190,Ubtf,"upstream binding transcription factor, RNA polymerase I",21429,11,coronal,n/a,1.273,1907.413,26382.367,108,1901
75773512,RP_060530_01_A02,42100,Nicn1,nicolin 1,66257,9,coronal,n/a,1.271,1061.588,15684.895,108,2028
79591729,RP_071218_02_C03,12172,Ctnnb1,"catenin (cadherin associated protein), beta 1",12387,9,coronal,n/a,1.266,2015.699,29969.943,108,2033
74743282,RP_060220_04_E09,44919,Psmd11,"proteasome (prosome, macropain) 26S subunit, non-ATPase, 11",69077,11,coronal,n/a,1.266,1323.218,19676.998,108,2033
74819237,RP_060315_02_C01,41543,Rpl23,ribosomal protein L23,65019,11,coronal,n/a,1.265,1647.614,21060.779,108,1746
594,RP_040315_01_03,15983,Impact,imprinted and ancient,16210,18,coronal,n/a,1.261,1038.059,23930.617,54,1570
70928198,RP_050725_01_B12,35600,Dbn1,drebrin 1,56320,13,coronal,n/a,1.258,1730.183,25889.410,108,2033
72081556,RP_051017_01_D09,43786,Mesdc2,mesoderm development candidate 2,67943,7,coronal,n/a,1.257,1353.305,20043.900,108,2010
67810541,RP_040922_01_F10,16892,Mxd4,Max dimerization protein 4,17122,5,coronal,n/a,1.253,1428.115,21459.254,108,2033
77332686,RP_070116_02_B06,71687,Ece2,endothelin converting enzyme 2,107522,16,coronal,n/a,1.252,1042.320,15646.764,108,2029
73992933,RP_051214_03_C11,12640,Cox4i1,cytochrome c oxidase subunit IV isoform 1,12857,8,coronal,n/a,1.251,1496.972,21873.982,108,1974
74988667,RP_060315_04_A03,11304,Adcyap1r1,adenylate cyclase activating polypeptide 1 receptor 1,11517,6,coronal,n/a,1.246,1508.272,22780.281,108,2033
73907503,RP_051214_03_A09,42764,Prpf38b,PRP38 pre-mRNA processing factor 38 (yeast) domain containing B,66921,3,coronal,n/a,1.241,1005.909,15238.109,108,2031
74047748,RP_051214_01_H04,35364,Astn2,astrotactin 2,56079,4,coronal,n/a,1.241,948.870,14397.629,108,2033
73521810,RP_051101_03_A09,19003,Tmsb10,"thymosin, beta 10",19240,6,coronal,n/a,1.240,2451.356,38420.312,95,1847
302,RP_Baylor_102709,12736,Cry2,cryptochrome 2 (photolyase-like),12953,2,coronal,n/a,1.239,852.531,12954.108,108,2033
79490110,RP_070205_01_F04,11603,Apoe,apolipoprotein E,11816,7,coronal,n/a,1.238,1979.576,33374.086,82,1711
73718048,RP_051121_04_C02,44105,Agpat4,"1-acylglycerol-3-phosphate O-acyltransferase 4 (lysophosphatidic acid acyltransferase, delta)",68262,17,coronal,n/a,1.237,954.368,14051.897,108,1967
75988524,RP_060620_02_D01,21617,Timp2,tissue inhibitor of metalloproteinase 2,21858,11,coronal,n/a,1.234,2652.774,27836.773,108,1399
73817931,RP_051214_01_A02,32288,Tspyl2,TSPY-like 2,52808,X,coronal,n/a,1.234,2430.554,37068.039,108,2033
276272,RP_040609_01_D05,48310,Plcd3,"phospholipase C, delta 3",72469,11,coronal,n/a,1.234,1264.871,18891.150,86,1585
72472802,RP_051101_02_F06,89107,Slc6a11,"solute carrier family 6 (neurotransmitter transporter, GABA), member 11",243616,6,coronal,n/a,1.234,1398.903,21344.705,108,2033
73521821,RP_051101_03_B05,32330,Sgsm1,small G protein signaling modulator 1,52850,5,coronal,n/a,1.233,1132.101,16786.840,108,1974
74800904,RP_060315_02_A05,18973,Ptdss1,phosphatidylserine synthase 1,19210,13,coronal,n/a,1.232,1038.690,15639.658,108,2004
74882787,RP_060315_04_G10,19043,Ptprs,"protein tyrosine phosphatase, receptor type, S",19280,17,coronal,n/a,1.231,1318.651,22147.107,96,1985
73992946,RP_051214_03_D10,106252,Snhg11,small nucleolar RNA host gene 11,319317,2,coronal,n/a,1.230,2355.548,36052.945,108,2033
77869130,RP_070205_01_A10,88223,Usp11,ubiquitin specific peptidase 11,236733,X,coronal,n/a,1.228,1999.648,30643.223,108,2033
74882217,RP_060315_04_E07,32317,Tmx4,thioredoxin-related transmembrane protein 4,52837,2,coronal,n/a,1.225,2624.150,40323.531,108,2033
71358557,RP_050725_03_E06,22117,Nrsn1,neurensin 1,22360,13,coronal,n/a,1.224,1445.398,22225.918,108,2033
2519,RP_040324_01_B02,19150,Rangap1,RAN GTPase activating protein 1,19387,15,coronal,n/a,1.224,2933.666,45131.680,108,2033
355887,RP_040617_01_F05,32163,Ncaph2,"non-SMC condensin II complex, subunit H2",52683,15,coronal,n/a,1.223,1324.024,21006.896,103,1998
73929595,RP_051214_03_G07,20214,St8sia3,"ST8 alpha-N-acetyl-neuraminide alpha-2,8-sialyltransferase 3",20451,18,coronal,n/a,1.221,1089.649,16801.807,108,2033
76115742,RP_060620_02_C10,19182,Rasgrp1,RAS guanyl releasing protein 1,19419,2,coronal,n/a,1.221,2505.664,35617.414,108,1874
72129255,RP_051017_03_F03,30274,Hs6st2,heparan sulfate 6-O-sulfotransferase 2,50786,X,coronal,n/a,1.220,828.124,12776.925,108,2033
72007564,RP_051017_01_A06,86856,Gpr171,G protein-coupled receptor 171,229323,3,coronal,n/a,1.219,1083.402,16731.037,108,2033
76115739,RP_060620_02_C07,18949,Psme1,"proteasome (prosome, macropain) 28 subunit, alpha",19186,14,coronal,n/a,1.218,920.765,13570.048,108,1939
71358579,RP_050725_03_E08,17238,Cd200,CD200 antigen,17470,16,coronal,n/a,1.218,2932.454,45323.617,108,2033
89,RP_040324_01_E06,36051,Mllt11,"myeloid/lymphoid or mixed-lineage leukemia (trithorax homolog, Drosophila); translocated to, 11",56772,3,coronal,n/a,1.218,899.055,17618.777,82,1957
79490066,RP_070205_01_C03,12339,Cdh13,cadherin 13,12554,8,coronal,n/a,1.218,1069.591,14014.942,108,1723
356089,RP_040617_02_C05,32799,Nxf1,nuclear RNA export factor 1,53319,19,coronal,n/a,1.216,1956.325,30214.908,108,2029
71587856,RP_050725_03_G07,26204,Sema4g,"sema domain, immunoglobulin domain (Ig), transmembrane domain (TM) and short cytoplasmic domain, (semaphorin) 4G",26456,19,coronal,n/a,1.216,976.044,14993.737,108,2017
79591685,RP_071204_04_H01,87401,Slc6a1,"solute carrier family 6 (neurotransmitter transporter, GABA), member 1",232333,6,coronal,n/a,1.216,1302.429,18869.521,108,1902
72338724,RP_051101_01_C06,120058,LOC381076,"gene model 937, (NCBI)",381076,17,coronal,n/a,1.214,1104.616,17122.529,108,2033
75651233,RP_060518_01_D11,22074,Vamp1,vesicle-associated membrane protein 1,22317,6,coronal,n/a,1.213,1460.948,22669.176,108,2033
71587822,RP_050725_03_E10,12076,Cacna1g,"calcium channel, voltage-dependent, T type, alpha 1G subunit",12291,11,coronal,n/a,1.212,916.903,14244.300,108,2033
79490122,RP_071018_01_G03,12107,Camk2a,calcium/calmodulin-dependent protein kinase II alpha,12322,18,coronal,n/a,1.211,956.339,14862.019,108,2033
77332715,RP_070116_02_B11,89264,Mtss1l,metastasis suppressor 1-like,244654,8,coronal,n/a,1.209,1007.789,16656.240,95,1899
53,RP_Baylor_103263,43572,Mansc1,MANSC domain containing 1,67729,6,coronal,n/a,1.208,2206.091,34275.160,108,2027
71015810,RP_050725_02_H08,19474,Resp18,regulated endocrine-specific protein 18,19711,1,coronal,n/a,1.208,3562.542,55520.098,108,2033
74511884,RP_060117_02_C07,19499,Rgs4,regulator of G-protein signaling 4,19736,1,coronal,n/a,1.207,827.083,12884.404,108,2031
74882515,RP_060315_04_E10,84926,Dos,downstream of Stk11,100503659,10,coronal,n/a,1.207,2793.995,43584.676,108,2033
73931383,RP_051214_04_D10,36016,Alg2,"asparagine-linked glycosylation 2 homolog (yeast, alpha-1,3-mannosyltransferase)",56737,4,coronal,n/a,1.205,881.763,16603.928,86,1952
72109445,RP_050712_04_G07,13164,Dlg4,"discs, large homolog 4 (Drosophila)",13385,11,coronal,n/a,1.205,1318.468,21389.309,103,2013
72472805,RP_051101_02_F09,14362,Gfra2,glial cell line derived neurotrophic factor family receptor alpha 2,14586,14,coronal,n/a,1.203,817.436,12791.787,108,2033
71717305,RP_050531_01_D10,72919,Galntl1,UDP-N-acetyl-alpha-D-galactosamine:polypeptide N-acetylgalactosaminyltransferase-like 1,108760,12,coronal,n/a,1.202,861.576,13461.339,108,2028
934,RP_Baylor_103021,20017,Scg2,secretogranin II,20254,1,coronal,n/a,1.202,1491.843,23091.010,108,2009
71358552,RP_050725_03_E01,92480,Ahsa2,"AHA1, activator of heat shock protein ATPase homolog 2 (yeast)",268390,11,coronal,n/a,1.201,1080.778,16944.908,108,2033
75773700,RP_060530_01_A06,20292,Slc31a2,"solute carrier family 31, member 2",20530,4,coronal,n/a,1.197,1253.850,19714.574,108,2033
77869861,RP_070205_01_C02,14163,Gaa,"glucosidase, alpha, acid",14387,11,coronal,n/a,1.196,2933.715,40703.590,94,1560
74819332,RP_060315_02_E08,35474,Tro,trophinin,56191,X,coronal,n/a,1.196,1740.866,27379.684,108,2031
75651228,RP_060518_01_D06,26205,Slc27a1,"solute carrier family 27 (fatty acid transporter), member 1",26457,8,coronal,n/a,1.195,987.968,14345.783,108,1874
71924399,RP_050623_04_H03,42537,Uqcrfs1,"ubiquinol-cytochrome c reductase, Rieske iron-sulfur polypeptide 1",66694,13,coronal,n/a,1.194,980.471,15452.854,108,2033
74988325,RP_060315_05_D01,110774,Rtl1,retrotransposon-like 1,353326,12,coronal,n/a,1.194,1877.500,29598.652,108,2033
73997151,RP_051214_03_F10,26358,Rcn2,reticulocalbin 2,26611,9,coronal,n/a,1.194,1260.837,23970.129,86,1952
112646029,RP_110407_01_C06,16647,Lhx9,LIM homeobox protein 9,16876,1,coronal,n/a,1.191,2998.248,47397.695,108,2033
2478,RP_Baylor_103188,32808,Pgrmc1,progesterone receptor membrane component 1,53328,X,coronal,n/a,1.191,2193.862,34564.125,108,2026
75988482,RP_060530_02_G02,15666,Ica1,islet cell autoantigen 1,15893,6,coronal,n/a,1.190,1025.123,16204.388,108,2032
67936208,RP_040928_01_A08,37652,Pcbp4,poly(rC) binding protein 4,59092,9,coronal,n/a,1.190,2239.926,32551.348,108,1868
1974,RP_Baylor_253926,51267,Igfbpl1,insulin-like growth factor binding protein-like 1,75426,4,coronal,n/a,1.188,1599.883,23713.770,108,1901
71064176,RP_050725_03_D03,89118,Ppp1r9a,"protein phosphatase 1, regulatory (inhibitor) subunit 9A",243725,6,coronal,n/a,1.186,854.887,13563.116,108,2033
79568026,RP_071204_02_B03,12349,Cdh8,cadherin 8,12564,8,coronal,n/a,1.186,941.088,13375.114,108,1820
2631,RP_040420_01_G07,71678,Ssr1,"signal sequence receptor, alpha",107513,13,coronal,n/a,1.184,857.543,13636.019,108,2033
577,RP_Baylor_253924,15243,Prmt2,protein arginine N-methyltransferase 2,15468,10,coronal,n/a,1.181,1136.212,14888.223,108,1672
75774678,RP_060530_01_D03,61105,Susd4,sushi domain containing 4,96935,1,coronal,n/a,1.181,1343.135,20826.084,108,1978
74425549,RP_051214_02_G10,15974,Ilf3,interleukin enhancer binding factor 3,16201,9,coronal,n/a,1.181,1088.654,16262.667,108,1905
73592527,RP_051017_01_E03,72175,Celf4,"CUGBP, Elav-like family member 4",108013,18,coronal,n/a,1.181,2140.199,34124.035,108,2033
72007751,RP_051017_01_A12,43240,Erp29,endoplasmic reticulum protein 29,67397,5,coronal,n/a,1.181,2057.270,32803.609,108,2033
74724670,RP_060220_04_A11,82624,Gpr37l1,G protein-coupled receptor 37-like 1,171469,1,coronal,n/a,1.180,805.935,12860.536,108,2033
67779873,RP_040922_01_E05,33454,Copg,"coatomer protein complex, subunit gamma",54161,6,coronal,n/a,1.179,2857.353,48159.719,100,1988
75774677,RP_060530_01_D02,82970,Arhgdia,Rho GDP dissociation inhibitor (GDI) alpha,192662,11,coronal,n/a,1.179,2248.207,35895.164,108,2033
76135823,RP_060711_04_D03,16948,Matk,megakaryocyte-associated tyrosine kinase,17179,10,coronal,n/a,1.179,1838.720,27067.012,108,1874
75145998,RP_060220_02_B04,83844,Ggt7,gamma-glutamyltransferase 7,207182,2,coronal,n/a,1.177,935.435,14942.125,108,2031
72472806,RP_051101_02_F10,14453,Gnai1,"guanine nucleotide binding protein (G protein), alpha inhibiting 1",14677,5,coronal,n/a,1.176,952.611,15244.597,108,2033
73520984,RP_051101_02_G03,15030,Hint1,histidine triad nucleotide binding protein 1,15254,11,coronal,n/a,1.176,923.099,14272.489,108,1963
74658110,RP_060220_02_C06,60339,Csnk1a1,"casein kinase 1, alpha 1",93687,18,coronal,n/a,1.174,941.791,15095.592,108,2033
75774671,RP_060530_01_C08,42906,Tmem246,transmembrane protein 246,67063,4,coronal,n/a,1.174,1638.237,24363.010,108,1886
356859,RP_040617_01_H09,11551,Ap1b1,"adaptor protein complex AP-1, beta 1 subunit",11764,11,coronal,n/a,1.174,800.487,11929.271,108,1889
356852,RP_040617_01_H01,68245,Nxph3,neurexophilin 3,104079,11,coronal,n/a,1.173,1580.288,31860.266,82,1940
823,RP_Baylor_103227,37364,Pmaip1,phorbol-12-myristate-13-acetate-induced protein 1,58801,18,coronal,n/a,1.173,1319.310,18603.588,108,1786
77887858,RP_070208_04_A01,26184,Psg16,pregnancy specific glycoprotein 16,26436,7,coronal,n/a,1.172,2388.614,36492.805,108,1934
74988460,RP_060315_05_E03,21628,Nkx2-1,NK2 homeobox 1,21869,12,coronal,n/a,1.171,2816.744,43558.078,108,1955
74357551,RP_051214_01_B03,45779,Scrn1,secernin 1,69938,6,coronal,n/a,1.171,1515.137,27637.816,91,1943
51,RP_Baylor_102609,108616,9130024F11Rik,RIKEN cDNA 9130024F11 gene,329160,1,coronal,n/a,1.169,1816.005,29164.498,108,2027
74047922,RP_051214_02_D07,92916,Ogfod1,2-oxoglutarate and iron-dependent oxygenase domain containing 1,270086,8,coronal,n/a,1.168,1106.252,18757.922,101,2000
2055,RP_040324_01_B11,35666,B4galt6,"UDP-Gal:betaGlcNAc beta 1,4-galactosyltransferase, polypeptide 6",56386,18,coronal,n/a,1.167,1347.528,21730.676,108,2033
74882810,RP_060315_04_H02,42323,Rpl15,ribosomal protein L15,66480,14,coronal,n/a,1.167,1256.544,20268.383,108,2033
77887874,RP_070208_04_A05,17878,Nnat,neuronatin,18111,2,coronal,n/a,1.166,1643.158,24680.900,82,1436
71717602,RP_050614_04_G11,22138,Wbp5,WW domain binding protein 5,22381,X,coronal,n/a,1.166,1473.007,23789.391,108,2033
72340194,RP_051101_02_B06,108844,Miat,myocardial infarction associated transcript (non-protein coding),330166,5,coronal,n/a,1.165,1812.208,25265.180,108,1754
74882525,RP_060315_04_E11,88045,Snx33,sorting nexin 33,235406,9,coronal,n/a,1.163,2009.296,32535.090,108,2033
79587728,RP_071204_02_D10,16839,Ly6e,"lymphocyte antigen 6 complex, locus E",17069,15,coronal,n/a,1.162,1482.323,24004.123,108,2033
74819690,RP_060315_02_H06,12541,Clta,"clathrin, light polypeptide (Lca)",12757,4,coronal,n/a,1.159,1241.928,20167.857,108,2033
293682,RP_040604_02_H09,76995,Atp6v0b,"ATPase, H+ transporting, lysosomal V0 subunit B",114143,4,coronal,n/a,1.159,3316.875,53591.008,108,2022
73521807,RP_051101_03_A06,20303,Slc8a1,"solute carrier family 8 (sodium/calcium exchanger), member 1",20541,17,coronal,n/a,1.155,723.130,12751.643,97,1975
74272036,RP_060202_01_A03,13781,Chchd2,coiled-coil-helix-coiled-coil-helix domain containing 2,14004,5,coronal,n/a,1.154,2429.623,39639.383,108,2033
112202838,RP_110421_01_F01,16965,Mbp,myelin basic protein,17196,18,coronal,n/a,1.153,2168.461,37540.195,99,1976
73929583,RP_051214_03_G05,36026,Sez6l,seizure related 6 homolog like,56747,5,coronal,n/a,1.152,1400.143,22871.543,108,2033
74581371,RP_051012_01_E12,130582,LOC434002,hypothetical gene supported by AK018238; AK046289,434002,6,coronal,n/a,1.152,3085.549,50403.125,108,2033
77869863,RP_070205_01_C03,12339,Cdh13,cadherin 13,12554,8,coronal,n/a,1.150,795.424,13762.905,100,1990
75773511,RP_060530_01_A01,20157,Scg5,secretogranin V,20394,2,coronal,n/a,1.149,2655.389,44970.863,95,1849
73930807,RP_051005_02_B06,107268,D830030K20Rik,RIKEN cDNA D830030K20 gene,320333,14,coronal,n/a,1.149,1068.579,16310.181,108,1894
74881160,RP_060220_01_A09,67108,B630019K06Rik,novel protein similar to F-box and leucine-rich repeat protein 17 (Fbxl17),102941,X,coronal,n/a,1.148,901.761,14792.107,108,2033
119504,RP_040420_01_F01,31598,Pvr,poliovirus receptor,52118,7,coronal,n/a,1.147,2133.007,34688.895,108,2015
340,RP_Baylor_102725,12987,Ddx5,DEAD (Asp-Glu-Ala-Asp) box polypeptide 5,13207,11,coronal,n/a,1.145,984.981,16171.090,108,2031
247974,RP_040604_02_D01,87503,Zscan22,zinc finger and SCAN domain containing 22,232878,7,coronal,n/a,1.145,3133.286,49006.395,106,1899
74988669,RP_060315_04_A04,12075,Cacna1e,"calcium channel, voltage-dependent, R type, alpha 1E subunit",12290,1,coronal,n/a,1.145,962.283,15142.199,108,1946
70743888,RP_050725_01_H12,43141,Gprasp1,G protein-coupled receptor associated sorting protein 1,67298,X,coronal,n/a,1.144,3809.456,62692.770,108,2033
75043158,RP_060412_05_B09,18513,Prkacb,"protein kinase, cAMP dependent, catalytic, beta",18749,3,coronal,n/a,1.144,1158.765,19071.107,108,2033
367,RP_Baylor_103347,82067,Ripply3,ripply3 homolog (zebrafish),170765,16,coronal,n/a,1.142,2532.507,41747.266,108,2033
293468,RP_040604_02_G05,42219,LOC66376,uncharacterized LOC66376,66376,2,coronal,n/a,1.142,2799.771,44550.406,108,1962
71836810,RP_051017_02_B03,85032,Acsl6,acyl-CoA synthetase long-chain family member 6,216739,11,coronal,n/a,1.141,1783.175,29430.855,108,2033
1854,RP_040526_01_H01,20376,Snap25,synaptosomal-associated protein 25,20614,2,coronal,n/a,1.140,1300.196,29690.631,69,1796
1697,RP_040604_01_G11,84315,Nomo1,nodal modulator 1,211548,7,coronal,n/a,1.139,878.162,14516.549,108,2033
357100,RP_040617_02_B04,16196,Cd47,"CD47 antigen (Rh-related antigen, integrin-associated signal transducer)",16423,16,coronal,n/a,1.138,1185.844,23588.412,86,1947
2629,RP_040407_02_E09,23818,Srp54a,signal recognition particle 54A,24067,12,coronal,n/a,1.138,916.827,15165.980,108,2033
70928271,RP_050725_02_C06,11445,Alcam,activated leukocyte cell adhesion molecule,11658,16,coronal,n/a,1.137,918.035,15198.833,108,2033
74047921,RP_051214_02_D06,106590,Podxl2,podocalyxin-like 2,319655,6,coronal,n/a,1.136,2587.152,42865.707,108,2033
544899,RP_040617_02_H01,33431,Atxn10,ataxin 10,54138,15,coronal,n/a,1.135,2470.434,40957.875,108,2033
79556696,RP_071204_01_D02,17529,Mapt,microtubule-associated protein tau,17762,11,coronal,n/a,1.135,2272.692,34377.176,108,1854
356086,RP_040617_02_C02,11453,Abcd1,"ATP-binding cassette, sub-family D (ALD), member 1",11666,X,coronal,n/a,1.135,578.644,14077.412,69,1905
356284,RP_040617_02_D06,43721,Tmem33,transmembrane protein 33,67878,5,coronal,n/a,1.134,1209.121,16401.682,108,1662
655120,RP_040922_01_A09,11629,Arf3,ADP-ribosylation factor 3,11842,15,coronal,n/a,1.133,2166.619,35791.895,108,2022
70436746,RP_050316_01_A03,50393,Nipal3,NIPA-like domain containing 3,74552,4,coronal,n/a,1.132,938.761,15613.570,108,2033
75043144,RP_060220_02_G05,85059,Tmem11,transmembrane protein 11,216821,11,coronal,n/a,1.130,886.083,14766.944,108,2033
70613977,RP_050725_01_C08,12896,Cyp46a1,"cytochrome P450, family 46, subfamily a, polypeptide 1",13116,12,coronal,n/a,1.129,1540.349,25672.189,108,2033
1631,RP_Baylor_103325,72162,Cenpf,centromere protein F,108000,1,coronal,n/a,1.129,2129.072,40026.043,82,1741
77869857,RP_070205_01_B12,43712,Paip2,polyadenylate-binding protein-interacting protein 2,67869,18,coronal,n/a,1.129,1381.797,17963.000,108,1585
71015817,RP_050808_02_A06,14603,Pdia3,protein disulfide isomerase associated 3,14827,2,coronal,n/a,1.129,1919.243,32002.967,108,2033
74583118,RP_051214_02_F02,37335,Eid1,EP300 interacting inhibitor of differentiation 1,58521,2,coronal,n/a,1.129,1770.734,29372.074,108,2022
79556654,RP_071204_01_A10,31598,Pvr,poliovirus receptor,52118,7,coronal,n/a,1.128,2068.354,37743.195,82,1688
73769319,RP_051121_04_B04,41788,Clstn1,calsyntenin 1,65945,4,coronal,n/a,1.128,2981.798,46182.727,108,1886
70928238,RP_050725_02_C01,12136,Car4,carbonic anhydrase 4,12351,11,coronal,n/a,1.127,868.799,14509.437,108,2033
75988508,RP_060530_02_G04,69892,Slc38a1,"solute carrier family 38, member 1",105727,15,coronal,n/a,1.127,1528.184,25522.762,108,2033
74047777,RP_051214_02_A02,13599,Epb4.1l1,erythrocyte protein band 4.1-like 1,13821,2,coronal,n/a,1.127,2247.154,35604.727,108,1928
75651232,RP_060518_01_D10,41624,Arl6ip5,ADP-ribosylation factor-like 6 interacting protein 5,65106,6,coronal,n/a,1.127,1617.242,27021.902,108,2033
72081554,RP_051017_01_D07,22105,Slc32a1,"solute carrier family 32 (GABA vesicular transporter), member 1",22348,2,coronal,n/a,1.126,1831.048,30601.182,108,2033
74882937,RP_060315_04_H09,52805,Slitrk1,"SLIT and NTRK-like family, member 1",76965,14,coronal,n/a,1.126,855.590,10777.730,108,1532
71247618,RP_050331_03_B07,14582,Grik2,"glutamate receptor, ionotropic, kainate 2 (beta 2)",14806,10,coronal,n/a,1.125,1028.021,17207.232,108,2033
74047768,RP_051214_01_H06,20482,Serpine2,"serine (or cysteine) peptidase inhibitor, clade E, member 2",20720,1,coronal,n/a,1.124,1090.309,18264.352,108,2033
79556694,RP_071204_01_C09,14586,Grin1,"glutamate receptor, ionotropic, NMDA1 (zeta 1)",14810,2,coronal,n/a,1.123,2304.955,37652.738,97,1780
356286,RP_040617_02_D09,12532,Clk2,CDC-like kinase 2,12748,3,coronal,n/a,1.123,1049.647,17080.820,108,1974
70928270,RP_050725_02_C05,14208,Gap43,growth associated protein 43,14432,16,coronal,n/a,1.122,2608.023,43771.797,108,2033
75042251,RP_060412_02_C05,21784,Hsp90b1,"heat shock protein 90, beta (Grp94), member 1",22027,10,coronal,n/a,1.121,2416.574,40574.828,108,2033
75551459,RP_060523_01_A01,14585,Grik5,"glutamate receptor, ionotropic, kainate 5 (gamma 2)",14809,7,coronal,n/a,1.118,1646.582,27716.662,108,2033
79490114,RP_070212_01_A02,12543,Clu,clusterin,12759,14,coronal,n/a,1.118,2361.525,39751.418,108,2033
74425515,RP_051214_02_E01,86005,Soat2,sterol O-acyltransferase 2,223920,15,coronal,n/a,1.118,826.283,12055.634,108,1762
70928293,RP_050725_02_C08,68168,Rtn1,reticulon 1,104001,12,coronal,n/a,1.118,3178.495,53513.219,108,2033
67936207,RP_040928_01_A06,40895,Itm2c,integral membrane protein 2C,64294,1,coronal,n/a,1.118,3675.021,58699.637,108,1928
1079,RP_Baylor_103090,21886,Ttc3,tetratricopeptide repeat domain 3,22129,16,coronal,n/a,1.117,2460.979,41473.195,108,2033
75774675,RP_060530_01_C12,68130,Rpn1,ribophorin I,103963,6,coronal,n/a,1.117,1722.274,26999.672,108,1891
75077232,RP_060412_02_E08,18156,Oprl1,opioid receptor-like 1,18389,2,coronal,n/a,1.116,923.762,15579.693,108,2033
75080269,RP_060412_06_H09,149967,9530085C10Rik*,RIKEN cDNA 9530085C10 gene (non-RefSeq),0,n/a,coronal,n/a,1.116,3073.538,50066.004,108,1963
73718057,RP_050927_01_B01,20018,Scg3,secretogranin III,20255,9,coronal,n/a,1.116,1063.595,17944.562,108,2033
75042260,RP_060412_02_D02,37084,Tk2,"thymidine kinase 2, mitochondrial",57813,8,coronal,n/a,1.115,903.675,15252.991,108,2033
106,RP_Baylor_253875,11607,App,amyloid beta (A4) precursor protein,11820,16,coronal,n/a,1.115,2903.035,48538.066,108,2013
71920509,RP_051017_02_G02,47741,Tmem106b,transmembrane protein 106B,71900,6,coronal,n/a,1.114,875.972,14783.875,108,2031
75650860,RP_060518_02_E01,92920,Vat1l,vesicle amine transport protein 1 homolog-like (T. californica),270097,8,coronal,n/a,1.114,1508.152,25495.775,108,2033
70612728,RP_050725_01_C06,43265,Dhdds,dehydrodolichyl diphosphate synthase,67422,4,coronal,n/a,1.113,950.393,16066.866,108,2033
79591705,RP_071218_02_B09,11607,App,amyloid beta (A4) precursor protein,11820,16,coronal,n/a,1.113,3433.702,61653.836,95,1899
112194079,RP_110421_01_E06,47768,Itfg1,integrin alpha FG-GAP repeat containing 1,71927,8,coronal,n/a,1.112,2703.250,41425.082,108,1841
74819235,RP_060315_02_B11,85096,Taok1,TAO kinase 1,216965,11,coronal,n/a,1.112,1612.645,21663.193,108,1613
74988259,RP_060315_05_C02,108440,Zmiz1,"zinc finger, MIZ-type containing 1",328365,14,coronal,n/a,1.111,1032.340,17255.318,108,2005
227165,RP_040604_02_C01,45013,1810031K17Rik,RIKEN cDNA 1810031K17 gene,69171,1,coronal,n/a,1.109,1094.409,19530.520,95,1880
67870479,RP_041018_01_D12,18852,Prkcsh,protein kinase C substrate 80K-H,19089,9,coronal,n/a,1.108,854.885,14955.437,95,1842
323592,RP_040609_01_G08,42911,Dynlrb1,dynein light chain roadblock-type 1,67068,2,coronal,n/a,1.108,911.428,17015.949,81,1676
71358662,RP_050725_03_F12,20731,Sdc3,syndecan 3,20970,4,coronal,n/a,1.107,1119.639,19040.359,108,2033
1177,RP_Baylor_253894,12617,Col6a2,"collagen, type VI, alpha 2",12834,10,coronal,n/a,1.105,955.298,16257.431,108,2031
75077203,RP_060412_02_E06,13262,Dpp6,dipeptidylpeptidase 6,13483,5,coronal,n/a,1.105,2903.618,49472.336,108,2033
74581381,RP_051214_01_C06,44039,Hsbp1,heat shock factor binding protein 1,68196,8,coronal,n/a,1.104,1827.860,34796.172,86,1808
112197625,RP_110421_01_F07,13585,Eno2,"enolase 2, gamma neuronal",13807,6,coronal,n/a,1.104,3430.033,58481.883,108,2033
293662,RP_040604_02_H01,108999,Slc7a6,"solute carrier family 7 (cationic amino acid transporter, y+ system), member 6",330836,8,coronal,n/a,1.102,1981.704,31038.381,108,1864
74271623,RP_060202_01_A01,85127,Ppp1r9b,"protein phosphatase 1, regulatory subunit 9B",217124,11,coronal,n/a,1.102,1697.202,27072.113,108,1898
72080123,RP_051017_03_C06,37273,Nap1l5,nucleosome assembly protein 1-like 5,58243,6,coronal,n/a,1.100,3450.763,54890.004,108,1890
74819689,RP_060315_02_H05,21908,Tubb2a,"tubulin, beta 2A class IIA",22151,13,coronal,n/a,1.100,3426.680,58645.930,108,2033
72283806,RP_051027_01_C01,92791,Chd5,chromodomain helicase DNA binding protein 5,269610,4,coronal,n/a,1.099,1293.087,22140.781,108,2033
74881559,RP_060315_04_C11,11770,Atp6v0c,"ATPase, H+ transporting, lysosomal V0 subunit C",11984,17,coronal,n/a,1.099,2874.906,49227.523,108,2033
544902,RP_040420_01_H11,70694,Tecr,"trans-2,3-enoyl-CoA reductase",106529,8,coronal,n/a,1.098,3437.816,58578.297,108,2020
1882,RP_040526_02_H05,37185,Crlf2,cytokine receptor-like factor 2,57914,5,coronal,n/a,1.096,945.729,16141.301,108,2021
227540,RP_040526_02_C08,20725,Syn1,synapsin I,20964,X,coronal,n/a,1.096,2232.138,38328.316,108,2033
293691,RP_040604_02_H10,72276,Slco3a1,"solute carrier organic anion transporter family, member 3a1",108116,7,coronal,n/a,1.096,841.897,13224.367,108,1859
71587885,RP_050725_03_A10,13165,Dlk1,delta-like 1 homolog (Drosophila),13386,12,coronal,n/a,1.096,1433.148,24620.186,108,2033
67810538,RP_040922_01_F05,15274,Hsf1,heat shock factor 1,15499,15,coronal,n/a,1.096,1126.311,19200.318,108,2017
83158,RP_040407_01_G03,48042,Otud6b,OTU domain containing 6B,72201,4,coronal,n/a,1.095,1885.925,26300.477,93,1420
79591719,RP_071218_02_B10,14575,Gria1,"glutamate receptor, ionotropic, AMPA1 (alpha 1)",14799,11,coronal,n/a,1.094,1907.723,25271.719,108,1565
74819232,RP_060315_02_B08,74767,Hdlbp,high density lipoprotein (HDL) binding protein,110611,1,coronal,n/a,1.094,1453.765,23408.273,108,1902
71836840,RP_051017_02_C03,74603,Acat1,acetyl-Coenzyme A acetyltransferase 1,110446,9,coronal,n/a,1.093,1045.125,17187.949,108,1942
544326,RP_040625_01_H08,46752,Phyhipl,phytanoyl-CoA hydroxylase interacting protein-like,70911,10,coronal,n/a,1.092,1090.504,18791.852,108,2033
71924388,RP_050623_03_F01,23686,Ly6h,"lymphocyte antigen 6 complex, locus H",23934,15,coronal,n/a,1.092,1483.723,25580.438,108,2033
71836832,RP_051017_02_B07,87954,BC018242,cDNA sequence BC018242,235044,9,coronal,n/a,1.092,1722.698,29701.139,108,2033
75043148,RP_051219_01_F08,149916,7420498E04Rik*,RIKEN cDNA 7420498E04 gene (non-RefSeq),0,n/a,coronal,n/a,1.090,2832.094,48734.547,82,1538
74749928,RP_060220_04_F02,26706,Rpl8,ribosomal protein L8,26961,15,coronal,n/a,1.089,1908.183,32969.473,108,2033
73592532,RP_051017_01_E08,47605,C2cd2l,C2 calcium-dependent domain containing 2-like,71764,9,coronal,n/a,1.089,1096.738,18952.828,108,2033
74658140,RP_060220_02_C09,43523,Sdhb,"succinate dehydrogenase complex, subunit B, iron sulfur (Ip)",67680,4,coronal,n/a,1.089,1868.807,32297.984,108,2033
71717144,RP_050524_02_A11,87361,Fam190a,"family with sequence similarity 190, member A",232035,6,coronal,n/a,1.088,796.994,13784.360,108,2033
70560265,RP_050324_01_H12,107408,Heatr5b,HEAT repeat containing 5B,320473,17,coronal,n/a,1.088,3678.099,57961.793,108,1852
73817424,RP_050927_04_D08,48534,Zcchc12,"zinc finger, CCHC domain containing 12",72693,X,coronal,n/a,1.087,1709.410,29599.402,108,2033
74750016,RP_060220_05_E06,13380,Sparcl1,SPARC-like 1,13602,5,coronal,n/a,1.087,2336.548,34445.375,108,1730
74511801,RP_060220_03_A12,84648,Disp2,dispatched homolog 2 (Drosophila),214240,2,coronal,n/a,1.086,2741.335,47503.121,108,2033
74881156,RP_060220_01_A05,69463,Epdr1,ependymin related protein 1 (zebrafish),105298,13,coronal,n/a,1.086,1259.498,21826.029,108,2033
74800914,RP_060315_02_A06,16692,Phyh,phytanoyl-CoA hydroxylase,16922,2,coronal,n/a,1.084,1806.229,31360.029,108,2033
74882606,RP_060315_04_F06,119897,Rap1gap2,RAP1 GTPase activating protein 2,380711,11,coronal,n/a,1.084,860.534,14949.168,108,2033
356092,RP_040617_02_C08,17962,Nsf,N-ethylmaleimide sensitive fusion protein,18195,11,coronal,n/a,1.083,3363.826,58412.750,108,2032
71836799,RP_051017_02_A06,82986,Rassf3,Ras association (RalGDS/AF-6) domain family member 3,192678,10,coronal,n/a,1.082,773.429,12945.437,108,1956
713,RP_Baylor_102935,17881,Rrp1,ribosomal RNA processing 1 homolog (S. cerevisiae),18114,10,coronal,n/a,1.082,820.519,14277.923,108,2033
74357546,RP_051019_03_D11,75047,Slc8a3,"solute carrier family 8 (sodium/calcium exchanger), member 3",110893,12,coronal,n/a,1.081,871.300,15167.411,108,2033
73732149,RP_051121_04_A07,12311,Cd8b1,"CD8 antigen, beta chain 1",12526,6,coronal,n/a,1.081,1080.636,16587.852,107,1776
73817983,RP_051214_01_A08,32302,Rufy3,RUN and FYVE domain containing 3,52822,5,coronal,n/a,1.081,2332.577,40625.500,108,2033
293465,RP_040604_02_G01,43082,Rpf2,ribosome production factor 2 homolog (S. cerevisiae),67239,10,coronal,n/a,1.080,2139.044,22977.361,95,1102
77413696,RP_070205_01_D08,35722,Serinc1,serine incorporator 1,56442,10,coronal,n/a,1.079,2809.801,47563.973,108,1973
356287,RP_040617_02_D10,21413,Phf1,PHD finger protein 1,21652,17,coronal,n/a,1.078,2186.835,26110.898,108,1390
356849,RP_040617_01_G08,27122,Yme1l1,YME1-like 1 (S. cerevisiae),27377,2,coronal,n/a,1.077,1090.044,19044.820,108,2033
83161,RP_040407_01_G06,19931,Rtn3,reticulon 3,20168,19,coronal,n/a,1.077,1686.980,48744.605,60,1867
72340122,RP_051101_02_A03,20507,Spock1,"sparc/osteonectin, cwcv and kazal-like domains proteoglycan 1",20745,13,coronal,n/a,1.077,1494.624,26101.242,108,2031
199398,RP_040507_03_A05,18504,Pitx1,paired-like homeodomain transcription factor 1,18740,13,coronal,n/a,1.077,1167.609,26008.295,56,1343
479,RP_040324_01_F01,14191,Gad1,glutamate decarboxylase 1,14415,2,coronal,n/a,1.076,1416.741,24781.891,108,2033
73994668,RP_051214_03_E03,63496,Garnl3,GTPase activating RANGAP domain-like 3,99326,2,coronal,n/a,1.076,1899.397,31135.426,108,1905
1274,RP_Baylor_102998,19180,Rasgrf1,RAS protein-specific guanine nucleotide-releasing factor 1,19417,9,coronal,n/a,1.076,1346.751,23409.791,108,2020
77869796,RP_070205_01_B05,42884,Oxct1,3-oxoacid CoA transferase 1,67041,15,coronal,n/a,1.076,965.509,14017.176,108,1687
73817935,RP_051214_01_A06,32803,Ube2k,ubiquitin-conjugating enzyme E2K,53323,5,coronal,n/a,1.074,1078.492,18896.246,108,2033
67870085,RP_041018_01_C09,41985,Cox7b,cytochrome c oxidase subunit VIIb,66142,X,coronal,n/a,1.072,1389.527,22591.607,108,1883
74988762,RP_060315_05_H06,88966,Klhl9,kelch-like 9 (Drosophila),242521,4,coronal,n/a,1.071,796.737,13045.123,108,1894
1960,RP_040604_02_B08,42122,Tmem218,transmembrane protein 218,66279,9,coronal,n/a,1.070,975.974,15887.254,108,1882
323396,RP_040617_01_A03,12116,Cap1,"CAP, adenylate cyclase-associated protein 1 (yeast)",12331,4,coronal,n/a,1.068,632.247,15540.467,69,1812
2647,RP_040407_02_B10,20686,Supt5h,suppressor of Ty 5 homolog (S. cerevisiae),20924,7,coronal,n/a,1.068,962.667,16951.758,108,2031
654924,RP_040922_01_A10,86962,Rap1gds1,"RAP1, GTP-GDP dissociation stimulator 1",229877,3,coronal,n/a,1.068,1443.604,23372.125,108,1867
293474,RP_040604_02_G12,45615,Ms4a6b,"membrane-spanning 4-domains, subfamily A, member 6B",69774,19,coronal,n/a,1.068,2096.426,36963.473,108,2033
67870466,RP_041018_01_D08,18408,Pfkm,"phosphofructokinase, muscle",18642,15,coronal,n/a,1.067,2679.077,47278.535,108,2033
74047926,RP_051214_02_D11,23720,Pacsin1,protein kinase C and casein kinase substrate in neurons 1,23969,17,coronal,n/a,1.067,1494.270,28005.447,95,1899
74724639,RP_060220_04_A07,72096,Celsr3,"cadherin, EGF LAG seven-pass G-type receptor 3 (flamingo homolog, Drosophila)",107934,9,coronal,n/a,1.066,796.568,13146.841,108,1901
74958576,RP_060315_05_B06,67179,6720401G13Rik,RIKEN cDNA 6720401G13 gene,103012,X,coronal,n/a,1.066,1015.829,17934.971,108,2033
1796,RP_040604_01_H04,44609,Wash,WAS protein family homolog,68767,17,coronal,n/a,1.065,799.706,14139.818,108,2033
74819695,RP_060315_02_H11,20020,Stmn2,stathmin-like 2,20257,3,coronal,n/a,1.064,1832.956,34422.000,95,1899
69120555,RP_050330_01_A08,12793,Cst3,cystatin C,13010,2,coronal,n/a,1.064,2768.251,48878.652,108,2029
71924321,RP_050614_02_H09,32069,Ncald,neurocalcin delta,52589,15,coronal,n/a,1.064,1233.654,21428.418,108,1996
75749390,RP_060518_01_B07,18182,Hspa4l,heat shock protein 4 like,18415,3,coronal,n/a,1.064,1626.876,28783.723,108,2033
70743906,RP_050725_02_A10,42348,Zmynd11,"zinc finger, MYND domain containing 11",66505,13,coronal,n/a,1.064,1198.718,21212.438,108,2033
276067,RP_040609_01_B11,42868,Rpl11,ribosomal protein L11,67025,4,coronal,n/a,1.064,1907.778,31571.967,108,1901
74957911,RP_060315_05_A08,85060,Usp22,ubiquitin specific peptidase 22,216825,11,coronal,n/a,1.063,1372.587,21366.617,108,1787
675,RP_Baylor_102912,17485,ND3,NADH dehydrogenase subunit 3,17718,MT,coronal,n/a,1.063,1689.296,29860.824,108,2029
588,RP_Baylor_102855,15748,Ifnar1,interferon (alpha and beta) receptor 1,15975,16,coronal,n/a,1.063,1740.062,28437.480,95,1650
76085747,RP_060530_02_G01,42998,Smarca2,"SWI/SNF related, matrix associated, actin dependent regulator of chromatin, subfamily a, member 2",67155,19,coronal,n/a,1.063,2452.876,39409.188,108,1844
75651234,RP_060518_01_D12,17724,Napb,N-ethylmaleimide sensitive fusion protein attachment protein beta,17957,2,coronal,n/a,1.062,1982.693,35134.820,108,2033
75144617,RP_051206_01_E08,17869,Nme1,NME/NM23 nucleoside diphosphate kinase 1,18102,11,coronal,n/a,1.062,1075.498,19065.543,108,2033
70743886,RP_050725_01_H10,12438,Chgb,chromogranin B,12653,2,coronal,n/a,1.061,2429.656,41045.344,108,1935
1158,RP_Baylor_253881,27824,Atp5o,"ATP synthase, H+ transporting, mitochondrial F1 complex, O subunit",28080,16,coronal,n/a,1.060,889.765,14473.706,108,1862
74047918,RP_051214_02_D03,14421,Glul,glutamate-ammonia ligase (glutamine synthetase),14645,1,coronal,n/a,1.060,1755.259,30001.654,108,1956
71358628,RP_050725_03_F06,14578,Gria4,"glutamate receptor, ionotropic, AMPA4 (alpha 4)",14802,9,coronal,n/a,1.058,1994.545,35487.324,108,2033
67752308,RP_040922_01_D06,12672,Cplx1,complexin 1,12889,5,coronal,n/a,1.058,1248.721,26339.357,87,1941
74988551,RP_060315_05_E11,43375,Mfap1a,microfibrillar-associated protein 1A,67532,2,coronal,n/a,1.057,1091.475,18361.260,108,1921
72079931,RP_051017_03_B07,92603,Abat,4-aminobutyrate aminotransferase,268860,16,coronal,n/a,1.057,1494.839,26614.551,108,2033
74881263,RP_060315_01_A02,87535,Atp1a3,"ATPase, Na+/K+ transporting, alpha 3 polypeptide",232975,7,coronal,n/a,1.057,2263.866,40307.441,108,2033
74658245,RP_060220_02_D11,18219,P4hb,"prolyl 4-hydroxylase, beta polypeptide",18453,11,coronal,n/a,1.056,1210.917,31386.934,69,1888
356088,RP_040617_02_C04,17113,Pias2,protein inhibitor of activated STAT 2,17344,18,coronal,n/a,1.055,2200.106,39266.297,108,2033
355890,RP_040617_01_F08,13971,Fh1,fumarate hydratase 1,14194,1,coronal,n/a,1.054,936.541,16072.305,95,1719
72129296,RP_051017_03_F12,15042,Hist2h2aa1,"histone cluster 2, H2aa1",15267,3,coronal,n/a,1.053,1234.629,20197.719,108,1861
70634119,RP_050725_01_E03,87292,Fbxo21,F-box protein 21,231670,5,coronal,n/a,1.053,1637.655,29275.094,108,2033
71836833,RP_051017_02_B08,86381,Ina,"internexin neuronal intermediate filament protein, alpha",226180,19,coronal,n/a,1.053,2236.228,39985.203,108,2033
74512027,RP_060220_03_D04,88990,Rims3,regulating synaptic membrane exocytosis 3,242662,4,coronal,n/a,1.053,1584.758,28342.973,108,2033
79556601,RP_071018_02_A08,13421,Efnb3,ephrin B3,13643,11,coronal,n/a,1.052,890.476,18665.432,82,1808
74047915,RP_051214_02_C12,49675,Atp6v1d,"ATPase, H+ transporting, lysosomal V1 subunit D",73834,12,coronal,n/a,1.052,1543.615,27604.373,108,2031
74272037,RP_060202_01_A04,17523,Mtap2,microtubule-associated protein 2,17756,1,coronal,n/a,1.052,2164.782,36387.957,108,1909
512,RP_Baylor_102825,14469,Gnb2,"guanine nucleotide binding protein (G protein), beta 2",14693,5,coronal,n/a,1.052,932.723,16648.340,108,2027
77280449,RP_070116_01_F06,43815,Atp2b1,"ATPase, Ca++ transporting, plasma membrane 1",67972,10,coronal,n/a,1.051,594.725,13382.178,82,1940
74583151,RP_051214_02_F08,19024,Sirpa,signal-regulatory protein alpha,19261,2,coronal,n/a,1.050,1804.998,32229.426,108,2025
357095,RP_040617_02_A11,43712,Paip2,polyadenylate-binding protein-interacting protein 2,67869,18,coronal,n/a,1.050,1857.427,33299.398,108,2033
70634108,RP_050725_01_E01,66914,Lrrc49,leucine rich repeat containing 49,102747,9,coronal,n/a,1.050,1136.593,20382.387,108,2033
74640879,RP_051121_03_E04,40642,Syne1,synaptic nuclear envelope 1,64009,10,coronal,n/a,1.050,1358.980,24371.527,108,2033
71924269,RP_050609_02_F09,92942,Elmod1,ELMO domain containing 1,270162,9,coronal,n/a,1.049,923.083,29282.193,56,1864
71924165,RP_050602_03_E11,120344,Vgf,VGF nerve growth factor inducible,381677,5,coronal,n/a,1.049,1579.714,26129.131,108,1874
79556640,RP_071204_01_A04,42959,Cuedc2,CUE domain containing 2,67116,19,coronal,n/a,1.049,826.141,14541.623,95,1754
74511818,RP_060220_03_B06,16347,Kif5c,kinesin family member 5C,16574,2,coronal,n/a,1.047,773.720,13911.689,108,2033
972,RP_Baylor_102959,18440,Slc25a3,"solute carrier family 25 (mitochondrial carrier, phosphate carrier), member 3",18674,10,coronal,n/a,1.047,1742.241,31337.535,108,2033
61002,RP_040407_02_B05,16657,Limk2,LIM motif-containing protein kinase 2,16886,11,coronal,n/a,1.046,1127.991,22016.549,96,1960
74957912,RP_060315_05_A09,22090,Vdac1,voltage-dependent anion channel 1,22333,11,coronal,n/a,1.046,1783.327,32096.270,108,2033
688,RP_040315_01_07,17751,Ndn,necdin,17984,7,coronal,n/a,1.046,2277.751,40918.633,108,2029
655501,RP_040922_01_C02,11759,Atp6v1e1,"ATPase, H+ transporting, lysosomal V1 subunit E1",11973,6,coronal,n/a,1.044,2307.338,34344.078,108,1679
74658087,RP_060220_02_C01,85482,Mtmr6,myotubularin related protein 6,219135,14,coronal,n/a,1.042,1272.013,21605.252,108,1912
75551462,RP_060523_01_A05,14576,Gria2,"glutamate receptor, ionotropic, AMPA2 (alpha 2)",14800,3,coronal,n/a,1.042,2586.741,46739.809,108,2033
1786,RP_040526_02_H04,11856,Ngfrap1,nerve growth factor receptor (TNFRSF16) associated protein 1,12070,X,coronal,n/a,1.041,1771.635,31954.170,108,2028
77371763,RP_070116_01_D05,48741,Ndufv2,NADH dehydrogenase (ubiquinone) flavoprotein 2,72900,17,coronal,n/a,1.041,2197.502,38109.953,108,1949
67752306,RP_040922_01_D04,35722,Serinc1,serine incorporator 1,56442,10,coronal,n/a,1.040,2902.114,51823.832,100,1858
74047909,RP_051214_02_C06,19109,Rab6a,"RAB6A, member RAS oncogene family",19346,7,coronal,n/a,1.040,1614.210,31012.303,95,1899
71836834,RP_051017_02_B09,26968,Trp53bp1,transformation related protein 53 binding protein 1,27223,2,coronal,n/a,1.040,1322.356,23937.174,108,2033
75042254,RP_060412_02_C08,20103,Glg1,golgi apparatus protein 1,20340,8,coronal,n/a,1.039,1918.130,34747.414,108,2033
2093,RP_040604_02_A09,12437,Chga,chromogranin A,12652,12,coronal,n/a,1.038,1898.568,34117.812,108,2015
74818622,RP_060315_02_B01,86449,Ndufs2,NADH dehydrogenase (ubiquinone) Fe-S protein 2,226646,1,coronal,n/a,1.038,1433.871,22924.281,102,1693
758,RP_Baylor_103330,72315,Ogt,O-linked N-acetylglucosamine (GlcNAc) transferase (UDP-N-acetylglucosamine:polypeptide-N-acetylglucosaminyl transferase),108155,X,coronal,n/a,1.038,941.301,17008.855,108,2025
67870084,RP_041018_01_C08,41918,Chchd3,coiled-coil-helix-coiled-coil-helix domain containing 3,66075,6,coronal,n/a,1.038,507.347,10942.318,69,1544
67936212,RP_040407_01_E10,48321,Tspyl4,TSPY-like 4,72480,10,coronal,n/a,1.035,2285.936,42672.445,95,1836
166,RP_Baylor_102648,12001,Bsg,basigin,12215,10,coronal,n/a,1.034,1656.632,30115.123,108,2031
2448,RP_Baylor_103184,30397,Olig2,oligodendrocyte transcription factor 2,50913,16,coronal,n/a,1.034,921.973,16781.119,108,2033
72080025,RP_051017_03_B11,18315,Pcsk2,proprotein convertase subtilisin/kexin type 2,18549,2,coronal,n/a,1.032,1393.748,24555.012,108,1964
293466,RP_040604_02_G02,85154,Cdc27,cell division cycle 27 homolog (S. cerevisiae),217232,11,coronal,n/a,1.031,1086.109,21472.148,87,1774
71836805,RP_051017_02_A10,42801,Tmx2,thioredoxin-related transmembrane protein 2,66958,2,coronal,n/a,1.031,2502.724,44695.531,108,1989
74988755,RP_060315_05_G11,120166,Lonrf2,LON peptidase N-terminal domain and ring finger 2,381338,1,coronal,n/a,1.031,1245.175,22081.250,108,1975
79556674,RP_071204_01_C07,21980,Uchl1,ubiquitin carboxy-terminal hydrolase L1,22223,5,coronal,n/a,1.031,3207.903,58586.422,108,2033
3,RP_040324_01_E07,43669,Snap47,"synaptosomal-associated protein, 47",67826,11,coronal,n/a,1.029,1654.869,30272.473,108,2033
74881516,RP_060315_04_C04,11250,Actb,"actin, beta",11461,5,coronal,n/a,1.029,2984.586,50064.094,108,1864
74988461,RP_060315_05_E04,44381,Tmem109,transmembrane protein 109,68539,19,coronal,n/a,1.029,1124.505,19059.486,108,1883
70616006,RP_050725_01_D09,18848,Prkar1b,"protein kinase, cAMP dependent regulatory, type I beta",19085,5,coronal,n/a,1.028,3077.658,56337.914,108,2033
1972,RP_040324_01_C07,42998,Smarca2,"SWI/SNF related, matrix associated, actin dependent regulator of chromatin, subfamily a, member 2",67155,19,coronal,n/a,1.028,1041.690,18807.188,108,2005
73817423,RP_050927_04_D07,16941,Ascl1,achaete-scute complex homolog 1 (Drosophila),17172,10,coronal,n/a,1.026,1556.712,28550.066,108,2033
75934920,RP_060530_01_E12,19714,Rpl32,ribosomal protein L32,19951,6,coronal,n/a,1.026,1009.698,18503.211,108,2031
227163,RP_040604_02_B03,85052,Flcn,folliculin,216805,11,coronal,n/a,1.025,3558.782,56333.297,108,1753
61411,RP_040407_01_C07,21714,Tnnt3,"troponin T3, skeletal, fast",21957,7,coronal,n/a,1.025,1846.675,24051.648,102,1362
70743867,RP_050725_01_G07,88093,Camkv,CaM kinase-like vesicle-associated,235604,9,coronal,n/a,1.025,1118.136,20532.771,108,2033
75774686,RP_060530_01_D11,85942,Nrbp2,nuclear receptor binding protein 2,223649,15,coronal,n/a,1.025,1975.639,36280.395,108,2033
67936204,RP_041102_01_B02,13407,Eef2,eukaryotic translation elongation factor 2,13629,10,coronal,n/a,1.025,2237.115,41048.656,108,2031
74881549,RP_060315_04_C10,11724,Atp2a2,"ATPase, Ca++ transporting, cardiac muscle, slow twitch 2",11938,5,coronal,n/a,1.025,2062.783,37893.648,108,2033
73907504,RP_051214_03_A10,159572,LOC620538,-,620538,9,coronal,n/a,1.025,1498.279,27527.822,108,2033
70436749,RP_050324_01_D05,62340,Tmem132a,transmembrane protein 132A,98170,19,coronal,n/a,1.024,1284.795,22750.932,108,1959
76115744,RP_060620_02_C12,88236,Slc9a6,"solute carrier family 9 (sodium/hydrogen exchanger), member 6",236794,X,coronal,n/a,1.024,713.965,13896.045,86,1714
72103854,RP_051017_03_A04,33296,Nell2,NEL-like 2 (chicken),54003,15,coronal,n/a,1.024,1425.826,26217.107,108,2033
71836844,RP_051017_02_C07,11714,Atp1a1,"ATPase, Na+/K+ transporting, alpha 1 polypeptide",11928,3,coronal,n/a,1.024,1343.069,27358.672,95,1981
67779877,RP_040922_01_E10,12813,Ctsb,cathepsin B,13030,14,coronal,n/a,1.024,2851.157,52380.812,108,2031
316,RP_Baylor_103404,92064,Srgap3,SLIT-ROBO Rho GTPase activating protein 3,259302,6,coronal,n/a,1.023,815.460,15840.758,100,1988
70927810,RP_050725_01_A04,60881,Slc24a3,"solute carrier family 24 (sodium/potassium/calcium exchanger), member 3",94249,2,coronal,n/a,1.023,995.164,18318.607,108,2033
74882206,RP_060315_04_E05,72320,Fam50a,"family with sequence similarity 50, member A",108160,X,coronal,n/a,1.022,1128.447,20929.418,107,2028
79556662,RP_071204_01_B06,12093,Calb2,calbindin 2,12308,8,coronal,n/a,1.022,1235.845,22768.172,108,2033
67870133,RP_041018_01_C12,42437,Uqcr11,"ubiquinol-cytochrome c reductase, complex III subunit XI",66594,10,coronal,n/a,1.019,993.175,21060.814,91,1967
73512200,RP_050712_04_F12,20454,Sparc,secreted acidic cysteine rich glycoprotein,20692,11,coronal,n/a,1.019,1210.201,21204.980,108,1928
73931635,RP_051214_04_B03,129841,Acsl5,acyl-CoA synthetase long-chain family member 5,433256,19,coronal,n/a,1.018,3578.718,52680.637,108,1619
79556599,RP_071018_02_A06,13941,Fgf1,fibroblast growth factor 1,14164,18,coronal,n/a,1.018,1496.338,27660.930,108,2033
26,RP_Baylor_103251,42796,Cdca7,cell division cycle associated 7,66953,2,coronal,n/a,1.018,1798.494,33249.102,108,2033
75038432,RP_060412_04_A02,16263,Kcna2,"potassium voltage-gated channel, shaker-related subfamily, member 2",16490,3,coronal,n/a,1.018,756.646,13993.798,108,2033
73997147,RP_051214_03_F06,18250,Pam,peptidylglycine alpha-amidating monooxygenase,18484,1,coronal,n/a,1.017,2178.290,40307.406,108,2032
75774676,RP_060530_01_D01,86797,Gdap1l1,ganglioside-induced differentiation-associated protein 1-like 1,228858,2,coronal,n/a,1.017,876.512,16229.360,108,2033
71836836,RP_051017_02_B11,18815,Ppp2ca,"protein phosphatase 2 (formerly 2A), catalytic subunit, alpha isoform",19052,11,coronal,n/a,1.016,1336.707,21307.025,108,1749
74800953,RP_060315_02_A10,63308,Stard7,START domain containing 7,99138,2,coronal,n/a,1.016,1607.921,29800.469,108,2033
79587726,RP_071204_02_D06,20417,Sod1,"superoxide dismutase 1, soluble",20655,16,coronal,n/a,1.015,1577.076,26950.924,108,1874
293472,RP_040604_02_G10,85136,Stac2,SH3 and cysteine rich domain 2,217154,11,coronal,n/a,1.015,2464.900,41633.438,108,1852
74819230,RP_060315_02_B06,43795,Tomm20,translocase of outer mitochondrial membrane 20 homolog (yeast),67952,8,coronal,n/a,1.015,2037.715,37791.805,108,2033
75934915,RP_060530_01_E07,12121,Capns1,"calpain, small subunit 1",12336,7,coronal,n/a,1.015,2186.706,39178.684,108,1964
2171,RP_Baylor_102737,13334,E2f1,E2F transcription factor 1,13555,2,coronal,n/a,1.014,2202.585,40853.723,108,2032
72008122,RP_051017_01_B11,14232,Gas6,growth arrest specific 6,14456,8,coronal,n/a,1.014,769.844,14291.938,108,2033
75774684,RP_060530_01_D09,88110,Dync1li1,dynein cytoplasmic 1 light intermediate chain 1,235661,9,coronal,n/a,1.014,654.047,15399.993,82,1957
618,RP_040324_01_B06,16367,Klc2,kinesin light chain 2,16594,19,coronal,n/a,1.013,1288.500,23943.643,108,2033
71670705,RP_050517_01_D03,35831,Txn2,thioredoxin 2,56551,15,coronal,n/a,1.011,871.554,14607.518,108,1830
67752111,RP_040922_01_C04,14028,Flot1,flotillin 1,14251,17,coronal,n/a,1.010,1318.732,20527.381,95,1494
72081482,RP_051017_01_C07,12277,Scarb2,"scavenger receptor class B, member 2",12492,5,coronal,n/a,1.010,1357.594,25314.797,108,2033
75080633,RP_060412_04_G04,12130,Capzb,"capping protein (actin filament) muscle Z-line, beta",12345,4,coronal,n/a,1.009,1456.007,25191.289,108,1886
75934529,RP_060530_01_E05,32378,Rnasek,"ribonuclease, RNase K",52898,11,coronal,n/a,1.009,1163.312,21706.307,108,2033
73512348,RP_050713_03_B12,131211,LOC434631,similar to hypothetical protein 4932411G14,434631,Un,coronal,n/a,1.009,1321.456,22880.855,108,1886
70634234,RP_050725_01_E08,70024,Csdc2,"cold shock domain containing C2, RNA binding",105859,15,coronal,n/a,1.008,1174.651,21928.328,108,2033
70813926,RP_050725_02_F06,43814,Tppp3,tubulin polymerization-promoting protein family member 3,67971,8,coronal,n/a,1.008,1036.023,19340.570,108,2033
74047878,RP_051214_02_B06,21845,Tsg101,tumor susceptibility gene 101,22088,7,coronal,n/a,1.008,969.873,16046.329,100,1668
75988633,RP_060620_02_E05,35650,Tagln3,transgelin 3,56370,16,coronal,n/a,1.008,1241.651,24487.328,101,2008
77332102,RP_070116_02_B02,73061,B3gnt1,"UDP-GlcNAc:betaGal beta-1,3-N-acetylglucosaminyltransferase 1",108902,19,coronal,n/a,1.008,573.298,11771.322,56,1159
74047925,RP_051214_02_D10,11522,Ank3,"ankyrin 3, epithelial",11735,10,coronal,n/a,1.007,1805.944,33749.871,108,2033
75774687,RP_060530_01_D12,19817,Rps15,ribosomal protein S15,20054,10,coronal,n/a,1.007,805.665,17638.379,82,1808
71358627,RP_050725_03_F05,48526,Dnajc6,"DnaJ (Hsp40) homolog, subfamily C, member 6",72685,4,coronal,n/a,1.006,1800.804,33709.316,108,2033
356858,RP_040617_01_H08,35492,Gde1,glycerophosphodiester phosphodiesterase 1,56209,7,coronal,n/a,1.004,2019.795,37868.879,108,2033
72103830,RP_051017_03_D10,77604,Cygb,cytoglobin,114886,11,coronal,n/a,1.004,1158.430,21722.898,108,2033
654925,RP_040922_01_A11,36709,Gabarapl1,gamma-aminobutyric acid (GABA) A receptor-associated protein-like 1,57436,6,coronal,n/a,1.003,1002.958,32302.494,46,1486
74658160,RP_060220_02_C11,14564,Gpr162,G protein-coupled receptor 162,14788,6,coronal,n/a,1.002,1642.361,30851.203,108,2033
71064278,RP_050725_03_D11,33196,Rcan2,regulator of calcineurin 2,53901,17,coronal,n/a,1.001,1226.465,23041.545,108,2032
104826,RP_040420_01_B12,11819,Bcap29,B cell receptor associated protein 29,12033,12,coronal,n/a,1.001,1045.462,19663.826,108,2033
199391,RP_040507_02_E05,13840,F2rl1,coagulation factor II (thrombin) receptor-like 1,14063,13,coronal,n/a,1.001,1463.362,29647.387,69,1399
67810540,RP_040922_01_F09,17030,Mef2d,myocyte enhancer factor 2D,17261,3,coronal,n/a,1.001,1655.872,31150.002,108,2033
74819255,RP_060315_02_D07,11718,Atp1b2,"ATPase, Na+/K+ transporting, beta 2 polypeptide",11932,11,coronal,n/a,1.000,2087.688,38841.316,108,2010
74658111,RP_060220_02_C07,84840,Ccdc92,coiled-coil domain containing 92,215707,5,coronal,n/a,1.000,1466.610,27599.625,108,2033
74881548,RP_060315_04_C09,26967,Atp1a4,"ATPase, Na+/K+ transporting, alpha 4 polypeptide",27222,1,coronal,n/a,0.997,1117.434,21088.031,108,2033
32576,RP_040324_01_D11,26165,Mapk3,mitogen-activated protein kinase 3,26417,7,coronal,n/a,0.997,1260.455,21287.951,100,1683
293469,RP_040604_02_G06,33915,Paf1,"Paf1, RNA polymerase II associated factor, homolog (S. cerevisiae)",54624,7,coronal,n/a,0.996,2570.867,40997.395,108,1716
74583174,RP_051214_02_F12,87566,Arhgap33,Rho GTPase activating protein 33,233071,7,coronal,n/a,0.996,898.046,17179.545,95,1810
74958606,RP_060315_05_B08,53387,8030498B09Rik,RIKEN cDNA 8030498B09 gene,77547,9,coronal,n/a,0.996,3850.791,72811.211,108,2033
1683,RP_040526_02_C10,12365,Cdkn2c,"cyclin-dependent kinase inhibitor 2C (p18, inhibits CDK4)",12580,4,coronal,n/a,0.995,1193.069,22532.098,108,2029
73521823,RP_051101_03_B07,20273,Slc1a2,"solute carrier family 1 (glial high affinity glutamate transporter), member 2",20511,2,coronal,n/a,0.995,1001.922,18683.676,108,2003
2385,RP_040324_01_A06,16681,Lmo4,LIM domain only 4,16911,3,coronal,n/a,0.994,1862.424,35237.227,108,2031
74882915,RP_060315_04_H05,29760,Scd3,stearoyl-coenzyme A desaturase 3,30049,19,coronal,n/a,0.994,1499.128,34282.219,82,1863
2159,RP_040324_01_B05,13255,Reep5,receptor accessory protein 5,13476,18,coronal,n/a,0.993,1825.308,34593.324,108,2033
74511880,RP_051121_04_A01,52282,Daam2,dishevelled associated activator of morphogenesis 2,76441,17,coronal,n/a,0.993,804.348,15245.279,108,2033
112194293,RP_110421_01_E04,36595,Park7,"Parkinson disease (autosomal recessive, early onset) 7",57320,4,coronal,n/a,0.992,1235.855,23457.627,108,2033
74819250,RP_060315_02_D02,20013,Scd2,stearoyl-Coenzyme A desaturase 2,20250,19,coronal,n/a,0.992,1574.851,33113.777,95,1981
70928292,RP_050725_02_C07,18377,Pea15a,phosphoprotein enriched in astrocytes 15A,18611,1,coronal,n/a,0.991,1182.386,28777.072,80,1929
70301083,RP_050309_01_B05,17956,Nrxn1,neurexin I,18189,17,coronal,n/a,0.990,1263.183,24018.713,108,2033
1261,RP_040324_01_F06,18411,Pfn2,profilin 2,18645,3,coronal,n/a,0.990,929.717,17648.670,108,2029
75934526,RP_060530_01_E02,35236,Eef1b2,eukaryotic translation elongation factor 1 beta 2,55949,1,coronal,n/a,0.989,1074.969,21749.900,100,2002
1968,RP_Baylor_253996,47932,Snhg7,small nucleolar RNA host gene (non-protein coding) 7,72091,2,coronal,n/a,0.989,2391.097,48261.191,95,1896
75077193,RP_060412_02_E05,11962,Bnip3,BCL2/adenovirus E1B interacting protein 3,12176,7,coronal,n/a,0.988,1186.709,22604.232,108,2033
77414125,RP_070205_01_E12,11627,Arf1,ADP-ribosylation factor 1,11840,11,coronal,n/a,0.988,1162.539,22410.865,95,1809
133,RP_Baylor_253879,53815,Tmem50b,transmembrane protein 50B,77975,16,coronal,n/a,0.986,1191.091,22474.521,108,2009
2141,RP_040407_02_E05,57945,Dbr1,debranching enzyme homolog 1 (S. cerevisiae),83703,9,coronal,n/a,0.985,1655.657,31627.062,108,2033
145,RP_040315_01_11,45866,Acot7,acyl-CoA thioesterase 7,70025,4,coronal,n/a,0.984,1484.466,28386.768,108,2033
74641219,RP_060220_05_G09,68134,Dnm3,dynamin 3,103967,1,coronal,n/a,0.984,975.124,17634.010,108,1921
1127,RP_Baylor_103128,22386,Ywhah,"tyrosine 3-monooxygenase/tryptophan 5-monooxygenase activation protein, eta polypeptide",22629,5,coronal,n/a,0.982,1295.334,24782.010,108,2029
888,RP_Baylor_103001,19416,Rbm4,RNA binding motif protein 4,19653,19,coronal,n/a,0.982,762.526,14540.961,108,2022
67881552,RP_041018_01_E09,20359,Smpd1,"sphingomyelin phosphodiesterase 1, acid lysosomal",20597,7,coronal,n/a,0.981,912.760,17885.566,86,1653
75934916,RP_060530_01_E08,11519,Ank,progressive ankylosis,11732,15,coronal,n/a,0.981,1149.354,20468.766,108,1886
73930834,RP_051214_04_C09,89067,Tmem130,transmembrane protein 130,243339,5,coronal,n/a,0.980,2746.469,48881.594,108,1884
1088,RP_Baylor_253988,21980,Uchl1,ubiquitin carboxy-terminal hydrolase L1,22223,5,coronal,n/a,0.980,1837.502,35261.840,108,2031
74988768,RP_060315_05_H12,14421,Glul,glutamate-ammonia ligase (glutamine synthetase),14645,1,coronal,n/a,0.979,1280.800,24636.307,108,2033
71015807,RP_050725_02_H05,35643,Tmeff2,transmembrane protein with EGF-like and two follistatin-like domains 2,56363,1,coronal,n/a,0.978,892.171,17169.891,108,2033
2483,RP_040604_02_A06,18533,Pkig,"protein kinase inhibitor, gamma",18769,2,coronal,n/a,0.976,1147.533,21911.666,108,2013
70743884,RP_050725_01_H08,43730,Tmem66,transmembrane protein 66,67887,8,coronal,n/a,0.976,1767.014,34060.734,108,2031
1405,RP_040324_01_A01,18885,Prnp,prion protein,19122,2,coronal,n/a,0.976,1664.124,32111.896,108,2033
77280559,RP_070116_01_F10,150237,E330014M11Rik*,RIKEN cDNA E330014M11 gene (non-RefSeq),0,n/a,coronal,n/a,0.975,1624.017,28892.018,108,1874
2499,RP_040407_02_G06,13985,Ppm1g,"protein phosphatase 1G (formerly 2C), magnesium-dependent, gamma isoform",14208,5,coronal,n/a,0.974,833.121,16105.433,108,2033
71836889,RP_051017_02_F07,87510,Ap2s1,"adaptor-related protein complex 2, sigma 1 subunit",232910,7,coronal,n/a,0.973,1324.360,25609.529,108,2033
73788443,RP_051213_01_B02,20454,Sparc,secreted acidic cysteine rich glycoprotein,20692,11,coronal,n/a,0.973,1061.637,20530.295,108,2033
2460,RP_Baylor_253954,18238,Pafah1b1,"platelet-activating factor acetylhydrolase, isoform 1b, subunit 1",18472,11,coronal,n/a,0.971,2049.694,39717.168,108,2033
1115,RP_Baylor_103051,20652,Wnt8a,wingless-related MMTV integration site 8A,20890,18,coronal,n/a,0.970,951.849,18318.809,108,2017
79490112,RP_070205_01_H11,35701,Pfkp,"phosphofructokinase, platelet",56421,13,coronal,n/a,0.969,1452.967,28230.926,108,2033
74819476,RP_060315_02_F09,11559,Ap2a2,"adaptor protein complex AP-2, alpha 2 subunit",11772,7,coronal,n/a,0.968,1142.852,20391.330,108,1865
321206,RP_040617_01_C09,33423,Actr1a,"ARP1 actin-related protein 1 homolog A, centractin alpha (yeast)",54130,19,coronal,n/a,0.968,999.517,19442.486,108,2033
74988751,RP_060315_05_G06,84646,LOC214238,similar to Sodium channel beta-2 subunit precursor,214238,9,coronal,n/a,0.967,1108.461,21572.820,108,2033
75651138,RP_060518_01_A01,12587,Cntfr,ciliary neurotrophic factor receptor,12804,4,coronal,n/a,0.967,760.308,17191.619,82,1793
2151,RP_040604_02_A04,13180,Dmwd,dystrophia myotonica-containing WD repeat motif,13401,7,coronal,n/a,0.965,758.403,14773.523,108,2031
70616005,RP_050725_01_D08,21902,Tuba4a,"tubulin, alpha 4A",22145,1,coronal,n/a,0.965,810.942,15814.861,108,2033
74641317,RP_060220_02_E05,87892,Aars,alanyl-tRNA synthetase,234734,8,coronal,n/a,0.965,1233.280,24061.258,108,2033
71587899,RP_050725_03_G03,19657,Rph3a,rabphilin 3A,19894,5,coronal,n/a,0.965,1132.652,22100.980,108,2033
71836872,RP_051017_02_E02,52809,Chst1,carbohydrate (keratan sulfate Gal-6) sulfotransferase 1,76969,2,coronal,n/a,0.964,1124.985,21972.818,108,2033
72119581,RP_051017_04_A04,26807,Cadps,Ca2+-dependent secretion activator,27062,14,coronal,n/a,0.963,868.319,16968.016,108,2033
2019,RP_040407_02_A07,35716,Adrm1,adhesion regulating molecule 1,56436,2,coronal,n/a,0.962,853.108,16688.957,108,2033
182,RP_Baylor_102653,12099,Calm2,calmodulin 2,12314,17,coronal,n/a,0.962,1712.550,33522.492,108,2033
74724775,RP_060220_04_B09,48789,Tppp,tubulin polymerization promoting protein,72948,13,coronal,n/a,0.961,1514.476,24941.186,108,1709
75774682,RP_060530_01_D07,11769,Atpif1,ATPase inhibitory factor 1,11983,4,coronal,n/a,0.961,1288.888,25252.742,108,2033
70301082,RP_050309_01_B04,11212,Ache,acetylcholinesterase,11423,5,coronal,n/a,0.961,1446.459,28346.820,108,2033
1768,RP_040526_02_G03,63803,Lphn2,latrophilin 2,99633,3,coronal,n/a,0.960,861.131,16873.797,108,2031
275875,RP_040604_02_F09,44709,Rnf122,ring finger protein 122,68867,8,coronal,n/a,0.960,1459.438,28630.473,108,2033
1996,RP_040604_02_B10,44084,Fam195a,"family with sequence similarity 195, member A",68241,17,coronal,n/a,0.960,1848.378,35993.027,108,2018
2442,RP_Baylor_253947,17988,Nudc,nuclear distribution gene C homolog (Aspergillus),18221,4,coronal,n/a,0.959,839.336,16454.617,108,2031
74658173,RP_060220_02_D01,43116,Ndufa10,NADH dehydrogenase (ubiquinone) 1 alpha subcomplex 10,67273,1,coronal,n/a,0.959,1013.145,19882.316,108,2033
75084520,RP_060412_04_C10,42268,Pcp4l1,Purkinje cell protein 4-like 1,66425,1,coronal,n/a,0.959,1324.882,26018.365,108,2033
75042266,RP_060412_02_D08,50046,Acsl3,acyl-CoA synthetase long-chain family member 3,74205,1,coronal,n/a,0.958,1256.257,24685.275,108,2033
199390,RP_040507_02_D11,11627,Arf1,ADP-ribosylation factor 1,11840,11,coronal,n/a,0.958,1840.737,39754.316,74,1531
659,RP_040324_01_E10,84402,Mapre2,"microtubule-associated protein, RP/EB family, member 2",212307,18,coronal,n/a,0.958,895.769,17585.680,108,2031
75042242,RP_051219_02_C11,88990,Rims3,regulating synaptic membrane exocytosis 3,242662,4,coronal,n/a,0.958,1704.705,33509.547,108,2033
77371785,RP_070116_01_C02,47520,Atp5h,"ATP synthase, H+ transporting, mitochondrial F0 complex, subunit d",71679,11,coronal,n/a,0.957,1005.146,21909.859,95,1981
129,RP_040315_01_14,11752,Atp6v1b2,"ATPase, H+ transporting, lysosomal V1 subunit B2",11966,8,coronal,n/a,0.954,1102.433,21710.527,108,2030
2333,RP_040420_01_B07,16249,Jun,Jun oncogene,16476,4,coronal,n/a,0.954,2096.820,41012.637,108,2016
74658130,RP_060220_02_C08,12757,Cs,citrate synthase,12974,10,coronal,n/a,0.953,989.776,27018.312,74,1926
77414654,RP_070205_01_H12,18377,Pea15a,phosphoprotein enriched in astrocytes 15A,18611,1,coronal,n/a,0.953,1487.708,29223.100,108,2022
74511805,RP_060220_03_B02,14029,Flot2,flotillin 2,14252,11,coronal,n/a,0.953,997.906,19715.703,108,2033
1133,RP_Baylor_103130,22388,Ywhaz,"tyrosine 3-monooxygenase/tryptophan 5-monooxygenase activation protein, zeta polypeptide",22631,15,coronal,n/a,0.952,1269.174,25092.773,108,2033
73929870,RP_051214_03_H04,20726,Syn2,synapsin II,20965,6,coronal,n/a,0.952,1160.911,22765.605,108,2016
321201,RP_040617_01_C03,55358,BC005537,cDNA sequence BC005537,79555,13,coronal,n/a,0.952,845.729,15678.241,86,1517
75774674,RP_060530_01_C11,42088,Hspbp1,"HSPA (heat shock 70kDa) binding protein, cytoplasmic cochaperone 1",66245,7,coronal,n/a,0.949,847.874,16817.102,108,2033
2021,RP_040604_02_A11,11394,Agtr1a,"angiotensin II receptor, type 1a",11607,13,coronal,n/a,0.948,1187.168,23538.721,108,2029
76115734,RP_060620_02_C02,17521,Mtap1a,microtubule-associated protein 1 A,17754,2,coronal,n/a,0.946,1153.911,19727.127,108,1747
293034,RP_040609_01_E07,42698,Tcf25,transcription factor 25 (basic helix-loop-helix),66855,8,coronal,n/a,0.946,2376.802,47291.227,108,2033
71836797,RP_051017_02_A05,87709,Spon1,"spondin 1, (f-spondin) extracellular matrix protein",233744,7,coronal,n/a,0.946,757.924,15084.144,108,2033
71836885,RP_051017_02_F03,60826,Tnfrsf21,"tumor necrosis factor receptor superfamily, member 21",94185,17,coronal,n/a,0.945,1581.206,31508.207,108,2033
74581397,RP_060117_02_C06,20167,Sh3gl2,SH3-domain GRB2-like 2,20404,4,coronal,n/a,0.943,1283.288,22639.330,108,1797
74581367,RP_050921_01_H11,60347,Gpnmb,glycoprotein (transmembrane) nmb,93695,6,coronal,n/a,0.943,1034.412,20653.494,108,2033
79556704,RP_071204_01_D07,18587,Plp1,proteolipid protein (myelin) 1,18823,X,coronal,n/a,0.943,1545.637,34546.223,86,1812
70927826,RP_050725_01_B02,12493,Ckb,"creatine kinase, brain",12709,12,coronal,n/a,0.942,2100.448,41967.125,108,2033
79556603,RP_071018_02_A11,16345,Kif5a,kinesin family member 5A,16572,10,coronal,n/a,0.942,1314.589,26281.693,108,2033
179,RP_Baylor_102652,12098,Calm1,calmodulin 1,12313,12,coronal,n/a,0.941,1054.996,21102.150,108,2033
2033,RP_Baylor_102631,11572,Apbb1,"amyloid beta (A4) precursor protein-binding, family B, member 1",11785,7,coronal,n/a,0.941,1882.055,37657.371,108,2033
71016676,RP_050725_03_B07,72220,Camk2d,"calcium/calmodulin-dependent protein kinase II, delta",108058,3,coronal,n/a,0.941,1286.219,25739.168,108,2033
996,RP_Baylor_103045,20420,Son,Son DNA binding protein,20658,16,coronal,n/a,0.940,815.234,16300.206,108,2029
1162,RP_Baylor_103231,37621,Bhlhe22,"basic helix-loop-helix family, member e22",59058,3,coronal,n/a,0.939,842.829,16740.330,108,2015
77414652,RP_070205_01_H10,40895,Itm2c,integral membrane protein 2C,64294,1,coronal,n/a,0.939,2333.967,42840.367,108,1862
2222,RP_Baylor_253908,60876,Fkbp6,FK506 binding protein 6,94244,5,coronal,n/a,0.939,771.324,15402.108,108,2025
72104183,RP_051017_03_G05,92669,Dpp10,dipeptidylpeptidase 10,269109,1,coronal,n/a,0.939,846.171,16966.238,108,2033
77280313,RP_070116_01_B03,107640,Bend6,BEN domain containing 6,320705,1,coronal,n/a,0.937,871.274,15959.438,108,1853
2547,RP_Baylor_103243,42023,Leprel4,leprecan-like 4,66180,11,coronal,n/a,0.937,826.986,16531.621,108,2022
72008118,RP_051017_01_B07,87903,6430548M08Rik,RIKEN cDNA 6430548M08 gene,234797,8,coronal,n/a,0.936,764.480,17024.668,95,1981
76097701,RP_060620_02_A06,69050,Tmem179,transmembrane protein 179,104885,12,coronal,n/a,0.935,1266.705,25493.557,108,2033
75043143,RP_060220_02_G04,35630,Arl3,ADP-ribosylation factor-like 3,56350,19,coronal,n/a,0.935,958.154,19288.584,108,2033
75651224,RP_060518_01_D02,40984,Sirt2,"sirtuin 2 (silent mating type information regulation 2, homolog) 2 (S. cerevisiae)",64383,7,coronal,n/a,0.935,1005.055,18805.053,108,1889
176962,RP_040507_02_B11,43103,Lass4,"LAG1 homolog, ceramide synthase 4",67260,8,coronal,n/a,0.934,80.121,22387.199,6,1566
80517057,RP_071128_03_B12,84008,Hmgcs1,3-hydroxy-3-methylglutaryl-Coenzyme A synthase 1,208715,13,coronal,n/a,0.934,428.180,15267.363,56,1864
509,RP_040507_01_H03,14459,Gnas,"GNAS (guanine nucleotide binding protein, alpha stimulating) complex locus",14683,2,coronal,n/a,0.933,1709.643,34495.879,108,2033
71836809,RP_051017_02_B02,18482,Pip5k1c,"phosphatidylinositol-4-phosphate 5-kinase, type 1 gamma",18717,10,coronal,n/a,0.932,471.821,17965.627,52,1846
83167,RP_040407_01_H02,44476,Tm2d3,TM2 domain containing 3,68634,7,coronal,n/a,0.932,1055.377,20099.625,86,1527
121097,RP_040507_01_A03,42099,Ssr2,"signal sequence receptor, beta",66256,3,coronal,n/a,0.932,945.865,19100.738,108,2033
275873,RP_040604_02_F06,37629,Tpm3,"tropomyosin 3, gamma",59069,3,coronal,n/a,0.930,1710.910,34632.090,108,2033
227161,RP_040604_02_A03,11198,Acadvl,"acyl-Coenzyme A dehydrogenase, very long chain",11370,11,coronal,n/a,0.929,3080.932,62435.973,108,2033
76115728,RP_060620_02_B07,14495,Got2,"glutamate oxaloacetate transaminase 2, mitochondrial",14719,8,coronal,n/a,0.927,1273.262,27441.982,95,1899
79568051,RP_071204_02_C04,29546,Ndrg2,N-myc downstream regulated gene 2,29811,14,coronal,n/a,0.927,501.294,16604.215,39,1198
72081553,RP_051017_01_D06,14457,Gnao1,"guanine nucleotide binding protein, alpha O",14681,8,coronal,n/a,0.927,1832.713,37202.207,108,2033
357097,RP_040617_02_B01,27763,Ing4,"inhibitor of growth family, member 4",28019,6,coronal,n/a,0.926,1154.541,23466.018,108,2033
293665,RP_040604_02_H04,40940,Fndc4,fibronectin type III domain containing 4,64339,5,coronal,n/a,0.925,815.650,13853.867,107,1681
74881560,RP_060315_04_C12,11766,Atp8a1,"ATPase, aminophospholipid transporter (APLT), class I, type 8A, member 1",11980,5,coronal,n/a,0.925,959.062,19518.973,108,2033
1014,RP_Baylor_103052,20740,Syt1,synaptotagmin I,20979,10,coronal,n/a,0.924,1855.480,37723.809,108,2029
67752309,RP_040922_01_D07,16953,Matr3,matrin 3,17184,18,coronal,n/a,0.924,2159.091,43985.180,108,2033
79556642,RP_071204_01_A05,14385,Gja1,"gap junction protein, alpha 1",14609,10,coronal,n/a,0.923,974.129,17652.486,95,1589
2153,RP_040604_02_B11,35988,Dnajb12,"DnaJ (Hsp40) homolog, subfamily B, member 12",56709,10,coronal,n/a,0.922,1608.483,32534.727,108,2015
70615597,RP_050725_01_D05,46815,Pgm2l1,phosphoglucomutase 2-like 1,70974,7,coronal,n/a,0.922,1294.372,26418.020,108,2033
2419,RP_Baylor_253914,136016,Gm953,"gene model 953, (NCBI)",381163,18,coronal,n/a,0.921,1423.606,29201.467,102,1927
72340131,RP_051101_02_A09,14170,Gabra1,"gamma-aminobutyric acid (GABA) A receptor, subunit alpha 1",14394,11,coronal,n/a,0.919,1122.874,22991.850,108,2033
655307,RP_040922_01_B05,26184,Psg16,pregnancy specific glycoprotein 16,26436,7,coronal,n/a,0.919,1398.386,36132.039,82,1947
71836888,RP_051017_02_F06,20272,Slc1a1,"solute carrier family 1 (neuronal/epithelial high affinity glutamate transporter, system Xag), member 1",20510,19,coronal,n/a,0.918,836.919,15941.455,108,1889
2179,RP_Baylor_102751,13441,Ei24,etoposide induced 2.4 mRNA,13663,9,coronal,n/a,0.917,492.696,17762.941,55,1819
226,RP_Baylor_102672,12305,Cd81,CD81 antigen,12520,7,coronal,n/a,0.917,978.441,20094.193,108,2033
71587832,RP_050725_01_G06,48446,Car10,carbonic anhydrase 10,72605,11,coronal,n/a,0.916,1148.827,23600.502,108,2033
70805906,RP_050725_02_E03,44427,Rtn4,reticulon 4,68585,11,coronal,n/a,0.915,1667.931,34296.273,108,2033
760,RP_040324_01_F03,35460,Olfm1,olfactomedin 1,56177,2,coronal,n/a,0.915,918.305,18868.650,108,2031
2649,RP_Baylor_103378,86883,Syt11,synaptotagmin XI,229521,3,coronal,n/a,0.914,1875.598,38572.535,108,2031
2091,RP_Baylor_102685,12407,Cer1,cerberus 1 homolog (Xenopus laevis),12622,4,coronal,n/a,0.913,845.975,17840.668,100,1925
74988735,RP_060315_04_B03,106257,Sf3b2,"splicing factor 3b, subunit 2",319322,19,coronal,n/a,0.912,1151.084,23757.965,108,2033
70744518,RP_050725_02_B11,32858,Sdcbp,syndecan binding protein,53378,4,coronal,n/a,0.912,998.853,20619.861,108,2033
1585,RP_040526_01_F03,14586,Grin1,"glutamate receptor, ionotropic, NMDA1 (zeta 1)",14810,2,coronal,n/a,0.909,1002.102,20718.432,108,2029
2207,RP_040507_02_D02,13900,Fbrs,fibrosin,14123,7,coronal,n/a,0.909,1019.666,21115.891,108,2032
69153759,RP_050330_01_A03,40644,Nrgn,neurogranin,64011,9,coronal,n/a,0.907,821.886,17049.689,108,2033
1673,RP_040526_02_H01,54496,Brd8,bromodomain containing 8,78656,18,coronal,n/a,0.907,1096.667,20809.119,108,1858
74882698,RP_060315_04_G04,92804,Ppp2r2c,"protein phosphatase 2 (formerly 2A), regulatory subunit B (PR 52), gamma isoform",269643,5,coronal,n/a,0.906,1111.234,23076.295,108,2033
1699,RP_040526_02_D07,86552,Dner,delta/notch-like EGF-related receptor,227325,1,coronal,n/a,0.906,711.076,15729.562,100,2005
71016595,RP_050725_03_A05,16537,Stmn1,stathmin 1,16765,4,coronal,n/a,0.903,1046.249,21812.518,108,2033
2705,RP_040604_02_A10,85005,Ugp2,UDP-glucose pyrophosphorylase 2,216558,11,coronal,n/a,0.903,1817.467,37595.453,108,2017
79567709,RP_071204_01_E11,18978,Ptgds,prostaglandin D2 synthase (brain),19215,2,coronal,n/a,0.903,1279.269,26673.420,108,2033
74819497,RP_060315_02_F12,12949,Dbnl,drebrin-like,13169,11,coronal,n/a,0.901,1025.525,21417.676,108,2033
74425523,RP_051214_02_E09,42324,Rps21,ribosomal protein S21,66481,2,coronal,n/a,0.900,929.151,19427.561,108,2033
1980,RP_040604_02_A12,107013,Olfml2b,olfactomedin-like 2B,320078,1,coronal,n/a,0.899,884.245,18454.297,108,2026
227159,RP_040604_01_G09,80178,Wdr5,WD repeat domain 5,140858,2,coronal,n/a,0.898,1014.756,21278.994,108,2033
73994671,RP_051214_03_E06,15704,Ids,iduronate 2-sulfatase,15931,X,coronal,n/a,0.897,1265.203,26541.197,108,2033
74819238,RP_060315_02_C02,43003,Eef1g,eukaryotic translation elongation factor 1 gamma,67160,19,coronal,n/a,0.897,1697.435,37580.250,86,1708
74581394,RP_060117_02_C03,18594,Pltp,phospholipid transfer protein,18830,2,coronal,n/a,0.896,812.320,15983.504,108,1905
73817934,RP_051214_01_A05,13405,Eef1a1,eukaryotic translation elongation factor 1 alpha 1,13627,9,coronal,n/a,0.896,2793.611,58698.367,108,2033
355892,RP_040617_01_F11,12918,Dag1,dystroglycan 1,13138,9,coronal,n/a,0.896,716.372,15833.371,100,1980
2183,RP_040407_02_C04,93109,Eif5a,eukaryotic translation initiation factor 5A,276770,11,coronal,n/a,0.895,826.863,17387.705,108,2033
1952,RP_040407_02_B01,43301,Ergic1,endoplasmic reticulum-golgi intermediate compartment (ERGIC) 1,67458,17,coronal,n/a,0.895,1045.186,21900.938,108,2025
75144618,RP_051206_02_C10,46588,Tspan2,tetraspanin 2,70747,3,coronal,n/a,0.895,874.428,17070.281,108,1886
355884,RP_040617_01_F02,41632,Vps35,vacuolar protein sorting 35,65114,8,coronal,n/a,0.894,811.553,17038.434,107,2009
76085745,RP_060530_01_F05,74353,Fdps,farnesyl diphosphate synthetase,110196,3,coronal,n/a,0.889,1109.531,23488.115,108,2033
846,RP_Baylor_102983,18919,Psap,prosaposin,19156,10,coronal,n/a,0.885,1337.715,28266.906,108,2019
62,RP_Baylor_102620,11253,Actc1,"actin, alpha, cardiac muscle 1",11464,2,coronal,n/a,0.883,1087.899,23186.160,108,2033
74047841,RP_051214_02_A09,26971,Pla2g7,"phospholipase A2, group VII (platelet-activating factor acetylhydrolase, plasma)",27226,17,coronal,n/a,0.879,1057.872,22644.201,108,2033
227160,RP_040604_01_H06,88016,Sc5d,"sterol-C5-desaturase (fungal ERG3, delta-5-desaturase) homolog (S. cerevisae)",235293,9,coronal,n/a,0.879,901.839,17001.266,108,1789
2487,RP_040324_01_B01,18581,Plk1,polo-like kinase 1,18817,7,coronal,n/a,0.878,872.480,19037.492,97,1859
74958656,RP_060315_05_B12,92803,Nat8l,N-acetyltransferase 8-like,269642,5,coronal,n/a,0.873,1172.682,22842.240,108,1837
1124,RP_Baylor_103127,22385,Ywhag,"tyrosine 3-monooxygenase/tryptophan 5-monooxygenase activation protein, gamma polypeptide",22628,5,coronal,n/a,0.872,1038.613,22060.689,108,2000
73769308,RP_051121_04_B03,106116,Hist1h2bg,"histone cluster 1, H2bg",319181,13,coronal,n/a,0.871,814.934,17610.766,108,2033
2027,RP_040420_01_A12,66503,Ankrd10,ankyrin repeat domain 10,102334,8,coronal,n/a,0.869,774.862,16709.539,108,2025
189,RP_Baylor_253885,12110,Camk2g,calcium/calmodulin-dependent protein kinase II gamma,12325,14,coronal,n/a,0.869,1169.969,23230.197,108,1864
71247616,RP_050331_03_B04,32941,Gria3,"glutamate receptor, ionotropic, AMPA3 (alpha 3)",53623,X,coronal,n/a,0.866,858.801,18186.107,108,1980
77371841,RP_070129_01_A04,12582,Cnp,"2',3'-cyclic nucleotide 3' phosphodiesterase",12799,11,coronal,n/a,0.865,1463.906,31273.625,108,1995
1623,RP_040507_02_E11,15213,Hoxd9,homeobox D9,15438,2,coronal,n/a,0.864,1169.023,25533.229,107,2019
72129291,RP_051017_03_F07,15219,Hpca,hippocalcin,15444,4,coronal,n/a,0.864,1115.638,24310.922,108,2033
250,RP_040324_01_A02,75064,Cds2,CDP-diacylglycerol synthase (phosphatidate cytidylyltransferase) 2,110911,2,coronal,n/a,0.863,817.359,17792.695,108,2030
75651167,RP_060518_01_C02,62852,Mfsd6,major facilitator superfamily domain containing 6,98682,1,coronal,n/a,0.862,841.847,17729.777,108,1961
73817434,RP_051101_01_A10,17807,Nefm,"neurofilament, medium polypeptide",18040,14,coronal,n/a,0.862,936.330,20447.061,108,2033
73925724,RP_051214_03_B11,84919,BC005764,cDNA sequence BC005764,216152,10,coronal,n/a,0.860,1163.369,25425.477,108,2030
67,RP_040324_01_F02,42556,Actr2,ARP2 actin-related protein 2 homolog (yeast),66713,11,coronal,n/a,0.856,775.078,17048.271,108,2033
2210,RP_Baylor_253906,87148,Fbxo2,F-box protein 2,230904,4,coronal,n/a,0.852,893.349,19649.615,108,2025
74641315,RP_060220_02_E02,11750,Atp6v1a,"ATPase, H+ transporting, lysosomal V1 subunit A",11964,16,coronal,n/a,0.849,795.784,17648.084,108,2033
71836880,RP_051017_02_E10,12947,Dbi,diazepam binding inhibitor,13167,1,coronal,n/a,0.849,822.222,18237.549,108,2033
293668,RP_040715_01_A02,20487,Serpinb8,"serine (or cysteine) peptidase inhibitor, clade B, member 8",20725,1,coronal,n/a,0.848,1886.884,51436.523,82,1896
350,RP_Baylor_102731,13172,Dlx3,distal-less homeobox 3,13393,11,coronal,n/a,0.843,898.589,19993.568,108,2025
1287,RP_Baylor_253982,68181,Synj1,synaptojanin 1,104015,16,coronal,n/a,0.842,1225.373,27191.836,108,2018
70634224,RP_050725_01_E07,42113,Fam134b,"family with sequence similarity 134, member B",66270,15,coronal,n/a,0.841,905.096,20256.232,108,2033
77413700,RP_070205_01_E04,18372,Enpp2,ectonucleotide pyrophosphatase/phosphodiesterase 2,18606,15,coronal,n/a,0.836,938.255,21122.871,108,2033
2135,RP_040407_02_G05,20075,Cx3cl1,chemokine (C-X3-C motif) ligand 1,20312,8,coronal,n/a,0.835,1285.110,28972.217,108,2033
77280580,RP_070116_01_G04,18184,Cldn11,claudin 11,18417,3,coronal,n/a,0.832,757.372,17126.631,108,2033
60,RP_040324_01_C04,11248,Acta1,"actin, alpha 1, skeletal muscle",11459,8,coronal,n/a,0.831,1173.576,26569.654,108,2033
293666,RP_040604_02_H05,22002,Uck1,uridine-cytidine kinase 1,22245,2,coronal,n/a,0.830,972.296,22049.709,108,2033
2613,RP_040526_02_D03,49677,Slc35b2,"solute carrier family 35, member B2",73836,17,coronal,n/a,0.827,937.369,21208.322,108,2021
2507,RP_040324_01_D06,19005,Ptn,pleiotrophin,19242,6,coronal,n/a,0.827,757.378,17177.838,108,2025
67936203,RP_041102_01_A12,86627,BC005624,cDNA sequence BC005624,227707,2,coronal,n/a,0.827,1349.746,34992.262,86,1843
715,RP_040324_01_E08,17913,Npdc1,"neural proliferation, differentiation and control gene 1",18146,2,coronal,n/a,0.825,1644.786,37368.848,108,2025
357103,RP_040617_02_B10,42288,Cyc1,cytochrome c-1,66445,15,coronal,n/a,0.823,1013.396,23179.004,108,2033
73521805,RP_051101_03_A04,43138,Rab3c,"RAB3C, member RAS oncogene family",67295,13,coronal,n/a,0.818,1320.083,30383.859,108,2033
851,RP_Baylor_102986,18978,Ptgds,prostaglandin D2 synthase (brain),19215,2,coronal,n/a,0.817,764.906,17625.947,108,2033
74658089,RP_060220_02_C03,16353,Kifc5b,kinesin family member C5B,16580,17,coronal,n/a,0.816,810.193,17338.879,108,1886
606,RP_040507_01_C09,16251,Jund,Jun proto-oncogene related gene d,16478,8,coronal,n/a,0.814,842.166,19017.047,108,1986
2245,RP_040420_01_B03,35766,Gabarap,gamma-aminobutyric acid receptor associated protein,56486,11,coronal,n/a,0.814,1599.631,36354.316,108,1998
79488913,RP_070129_01_A04,12582,Cnp,"2',3'-cyclic nucleotide 3' phosphodiesterase",12799,11,coronal,n/a,0.810,1043.916,24429.465,101,1914
2517,RP_040420_01_F04,19147,Ran,"RAN, member RAS oncogene family",19384,5,coronal,n/a,0.809,846.624,19700.744,108,2032
75774681,RP_060530_01_D06,15144,Hmox2,heme oxygenase (decycling) 2,15369,16,coronal,n/a,0.803,799.812,18760.754,108,2033
32386,RP_040324_01_C08,18821,Ppp3r1,"protein phosphatase 3, regulatory subunit B, alpha isoform (calcineurin B, type I)",19058,11,coronal,n/a,0.797,1068.079,30556.828,85,1939
70613967,RP_050725_01_C07,18372,Enpp2,ectonucleotide pyrophosphatase/phosphodiesterase 2,18606,15,coronal,n/a,0.796,1046.733,24767.678,108,2033
682,RP_Baylor_102923,17735,Ncam2,neural cell adhesion molecule 2,17968,16,coronal,n/a,0.794,764.846,18133.236,108,2033
356082,RP_040617_01_G03,12246,Cct2,"chaperonin containing Tcp1, subunit 2 (beta)",12461,10,coronal,n/a,0.793,1189.992,32783.281,82,1791
2523,RP_040420_01_A10,19460,Rela,v-rel reticuloendotheliosis viral oncogene homolog A (avian),19697,19,coronal,n/a,0.781,892.057,21480.338,108,2031
75042261,RP_060412_02_D03,74548,Qdpr,quinoid dihydropteridine reductase,110391,5,coronal,n/a,0.778,1082.769,26187.576,108,2031
1691,RP_Baylor_102700,12659,Cpe,carboxypeptidase E,12876,8,coronal,n/a,0.777,951.069,22934.102,108,2023
71247614,RP_050331_02_H08,88950,Gabbr2,"gamma-aminobutyric acid (GABA) B receptor, 2",242425,4,coronal,n/a,0.767,930.797,22748.371,100,1875
2331,RP_040407_02_A09,83150,Kdm4b,lysine (K)-specific demethylase 4B,193796,17,coronal,n/a,0.765,1175.144,28878.105,108,2029
293471,RP_040604_02_G08,19124,Rad51,RAD51 homolog (S. cerevisiae),19361,2,coronal,n/a,0.762,1277.097,29016.334,108,1870
71836881,RP_051017_02_E11,40898,Gprc5b,"G protein-coupled receptor, family C, group 5, member B",64297,7,coronal,n/a,0.762,1067.952,26385.533,108,2033
1207,RP_Baylor_103242,41935,Ghitm,growth hormone inducible transmembrane protein,66092,14,coronal,n/a,0.759,918.269,22604.166,108,2017
72103831,RP_051017_03_D11,12134,Car2,carbonic anhydrase 2,12349,3,coronal,n/a,0.750,871.083,21857.688,108,2033
74581447,RP_060220_04_H08,37432,Pex5l,peroxisomal biogenesis factor 5-like,58869,3,coronal,n/a,0.748,776.286,19539.568,108,2033
79556636,RP_071204_01_A02,11463,Aldoc,"aldolase C, fructose-bisphosphate",11676,11,coronal,n/a,0.739,999.251,23785.809,108,1899
67881555,RP_041018_01_E12,82928,Slc25a36,"solute carrier family 25, member 36",192287,9,coronal,n/a,0.732,650.128,19072.527,87,1869
276073,RP_040609_01_C06,26146,Map2k4,mitogen-activated protein kinase kinase 4,26398,11,coronal,n/a,0.721,849.250,20299.191,108,1862
1009,RP_040227_01_08,20672,Stxbp1,syntaxin binding protein 1,20910,2,coronal,n/a,0.658,663.106,22656.604,86,1934
684,RP_040315_01_21,26309,Ncdn,neurochondrin,26562,4,coronal,n/a,0.623,981.628,29621.834,108,2031
